,know_source,expertise,total_spend
34,Yes,8.0,$20-$40
41,Yes,10.0,$40-$60
42,Yes,6.0,$20-$40
43,Yes,7.0,$40-$60
46,Yes,4.0,$60-$80
47,Yes,8.0,>$100
48,No,2.0,$20-$40
51,No,2.0,<$20
54,Yes,8.0,$20-$40
56,No,7.0,$60-$80
57,Yes,7.0,$40-$60
61,Yes,6.0,>$100
62,Yes,8.0,>$100
63,Yes,6.0,$40-$60
64,Yes,8.0,>$100
65,No,8.0,$60-$80
67,Yes,3.0,$20-$40
70,No,5.0,>$100
71,Yes,8.0,$40-$60
74,Yes,9.0,$40-$60
75,Yes,7.0,$80-$100
76,Yes,6.0,$40-$60
77,Yes,8.0,$40-$60
78,Yes,6.0,$20-$40
79,Yes,6.0,$20-$40
80,Yes,9.0,>$100
81,Yes,7.0,$40-$60
82,Yes,3.0,>$100
83,Yes,7.0,$40-$60
84,Yes,2.0,$20-$40
85,Yes,8.0,$20-$40
86,Yes,6.0,$20-$40
88,Yes,7.0,$40-$60
89,Yes,7.0,$80-$100
90,Yes,3.0,>$100
91,Yes,7.0,$20-$40
92,Yes,5.0,$20-$40
93,Yes,6.0,$20-$40
94,Yes,8.0,>$100
95,Yes,7.0,$20-$40
96,No,7.0,$20-$40
97,Yes,2.0,$20-$40
98,Yes,5.0,$40-$60
99,No,5.0,$40-$60
100,Yes,7.0,$40-$60
101,Yes,7.0,$60-$80
102,Yes,4.0,$20-$40
103,No,3.0,$60-$80
104,Yes,7.0,$60-$80
105,No,6.0,<$20
106,No,7.0,$20-$40
107,Yes,7.0,$40-$60
108,Yes,8.0,$60-$80
109,No,4.0,<$20
110,Yes,8.0,$80-$100
111,Yes,7.0,$20-$40
112,No,5.0,$60-$80
113,Yes,5.0,$40-$60
114,Yes,7.0,>$100
115,Yes,6.0,$80-$100
116,No,1.0,<$20
117,Yes,6.0,$20-$40
118,Yes,8.0,$20-$40
119,Yes,8.0,$20-$40
120,Yes,7.0,$40-$60
121,Yes,8.0,$20-$40
122,Yes,8.0,$40-$60
123,No,3.0,<$20
124,Yes,4.0,$20-$40
125,Yes,6.0,$60-$80
126,Yes,8.0,$60-$80
127,Yes,7.0,$20-$40
128,No,1.0,<$20
129,Yes,5.0,$20-$40
130,Yes,8.0,>$100
131,Yes,6.0,$20-$40
132,Yes,6.0,$40-$60
133,Yes,8.0,$60-$80
134,No,7.0,$40-$60
135,Yes,6.0,$20-$40
136,Yes,6.0,$60-$80
137,Yes,8.0,$20-$40
138,Yes,8.0,$40-$60
139,Yes,8.0,$20-$40
140,No,6.0,$40-$60
141,No,5.0,$40-$60
143,Yes,8.0,$80-$100
144,No,2.0,$20-$40
145,Yes,7.0,$40-$60
146,Yes,6.0,$40-$60
147,Yes,8.0,$60-$80
148,No,1.0,<$20
149,Yes,6.0,$40-$60
150,No,1.0,<$20
151,No,1.0,<$20
152,Yes,6.0,$40-$60
153,No,7.0,$20-$40
154,Yes,8.0,$40-$60
155,Yes,6.0,$40-$60
156,Yes,6.0,$40-$60
157,Yes,5.0,<$20
158,Yes,8.0,$40-$60
159,Yes,5.0,$20-$40
160,Yes,7.0,<$20
161,Yes,6.0,<$20
162,No,3.0,$20-$40
163,Yes,7.0,$40-$60
164,No,4.0,$20-$40
165,Yes,7.0,$20-$40
166,No,7.0,$40-$60
167,No,7.0,$40-$60
168,Yes,10.0,$20-$40
169,Yes,3.0,$20-$40
170,Yes,7.0,$40-$60
171,Yes,9.0,$20-$40
173,Yes,6.0,$40-$60
174,Yes,7.0,$60-$80
175,No,6.0,$60-$80
176,Yes,6.0,$20-$40
177,Yes,6.0,$40-$60
178,Yes,6.0,$20-$40
179,Yes,9.0,<$20
180,Yes,3.0,$20-$40
181,Yes,6.0,$20-$40
182,No,2.0,$40-$60
183,Yes,6.0,$20-$40
184,Yes,4.0,$40-$60
185,No,7.0,$40-$60
186,Yes,8.0,$40-$60
187,Yes,7.0,$60-$80
188,Yes,5.0,$40-$60
189,Yes,6.0,$20-$40
191,Yes,6.0,$40-$60
192,Yes,6.0,$20-$40
193,Yes,6.0,$40-$60
194,Yes,7.0,$20-$40
195,Yes,8.0,$20-$40
196,Yes,5.0,$20-$40
197,Yes,7.0,<$20
198,Yes,7.0,$60-$80
199,Yes,8.0,$40-$60
200,Yes,6.0,$40-$60
201,Yes,10.0,$40-$60
202,Yes,6.0,$20-$40
203,Yes,7.0,$20-$40
204,Yes,2.0,<$20
205,Yes,2.0,$20-$40
206,Yes,7.0,$80-$100
207,No,3.0,$20-$40
208,Yes,8.0,$40-$60
209,Yes,6.0,$20-$40
210,Yes,3.0,<$20
212,Yes,5.0,$20-$40
213,Yes,6.0,$40-$60
214,No,5.0,$20-$40
215,Yes,9.0,$20-$40
216,Yes,7.0,$40-$60
217,Yes,5.0,$20-$40
219,Yes,6.0,<$20
220,Yes,5.0,$20-$40
221,Yes,6.0,$20-$40
222,Yes,6.0,$80-$100
226,Yes,7.0,$20-$40
232,Yes,6.0,$20-$40
236,Yes,6.0,$40-$60
237,Yes,6.0,$40-$60
240,Yes,6.0,$20-$40
241,Yes,6.0,$20-$40
242,Yes,7.0,$20-$40
244,Yes,7.0,$40-$60
246,Yes,6.0,$80-$100
247,Yes,8.0,$60-$80
248,Yes,5.0,$40-$60
250,Yes,6.0,$40-$60
251,Yes,8.0,$20-$40
252,Yes,6.0,$20-$40
253,Yes,9.0,$40-$60
254,Yes,4.0,>$100
255,Yes,4.0,<$20
256,Yes,6.0,$80-$100
257,Yes,5.0,$40-$60
258,Yes,8.0,$80-$100
259,Yes,5.0,$60-$80
262,Yes,6.0,$20-$40
263,Yes,7.0,$20-$40
264,Yes,7.0,$40-$60
265,Yes,8.0,$40-$60
266,Yes,6.0,$40-$60
267,Yes,10.0,>$100
268,Yes,6.0,$20-$40
269,Yes,7.0,$20-$40
270,Yes,6.0,$20-$40
271,No,4.0,<$20
272,Yes,3.0,$40-$60
273,No,3.0,<$20
274,Yes,8.0,$60-$80
276,Yes,8.0,>$100
277,No,4.0,$20-$40
278,Yes,5.0,$20-$40
279,Yes,5.0,$40-$60
280,Yes,6.0,>$100
281,Yes,5.0,$20-$40
282,Yes,8.0,$40-$60
283,Yes,5.0,$20-$40
284,Yes,7.0,$40-$60
285,Yes,4.0,$40-$60
286,Yes,8.0,$20-$40
287,Yes,6.0,$20-$40
288,No,3.0,<$20
289,No,4.0,$60-$80
290,Yes,2.0,$20-$40
291,Yes,4.0,>$100
292,Yes,5.0,$20-$40
293,Yes,2.0,$20-$40
294,No,3.0,$40-$60
295,Yes,7.0,$40-$60
296,Yes,5.0,$20-$40
297,Yes,8.0,$20-$40
298,Yes,9.0,>$100
299,Yes,8.0,$20-$40
300,Yes,8.0,$40-$60
301,Yes,6.0,$20-$40
302,No,5.0,>$100
303,Yes,6.0,$80-$100
304,No,1.0,$20-$40
305,Yes,7.0,$20-$40
306,No,3.0,$40-$60
307,Yes,7.0,<$20
308,Yes,4.0,$40-$60
309,Yes,7.0,$40-$60
310,No,1.0,$80-$100
311,Yes,7.0,$80-$100
312,Yes,6.0,$40-$60
313,Yes,9.0,$20-$40
314,Yes,7.0,$40-$60
315,Yes,7.0,$80-$100
316,Yes,7.0,$20-$40
317,Yes,8.0,$20-$40
318,No,6.0,$20-$40
320,Yes,10.0,$80-$100
321,Yes,7.0,$40-$60
322,Yes,6.0,$20-$40
323,No,5.0,$40-$60
324,No,1.0,$20-$40
327,No,10.0,<$20
329,Yes,5.0,>$100
330,Yes,7.0,$20-$40
331,Yes,6.0,$60-$80
332,Yes,4.0,$20-$40
333,No,2.0,$60-$80
334,Yes,7.0,$20-$40
335,No,1.0,>$100
336,No,4.0,$20-$40
337,Yes,7.0,$40-$60
338,Yes,7.0,$20-$40
339,Yes,10.0,$40-$60
340,Yes,8.0,>$100
342,Yes,6.0,$60-$80
343,Yes,4.0,$40-$60
344,No,7.0,$20-$40
345,Yes,8.0,$20-$40
346,Yes,2.0,>$100
347,Yes,7.0,$80-$100
348,Yes,7.0,$40-$60
349,Yes,8.0,$80-$100
350,Yes,8.0,$60-$80
351,Yes,6.0,$40-$60
352,No,2.0,$40-$60
353,No,4.0,>$100
354,Yes,6.0,$40-$60
355,Yes,7.0,$20-$40
356,Yes,7.0,>$100
357,No,4.0,$20-$40
358,Yes,5.0,$40-$60
359,Yes,7.0,$40-$60
361,Yes,5.0,$40-$60
362,Yes,6.0,$20-$40
363,Yes,6.0,$40-$60
364,Yes,7.0,$60-$80
365,No,6.0,$40-$60
366,No,5.0,$20-$40
367,Yes,3.0,$40-$60
368,Yes,6.0,$20-$40
370,No,5.0,$80-$100
371,Yes,5.0,$40-$60
372,Yes,1.0,$20-$40
374,Yes,8.0,$40-$60
375,Yes,7.0,$20-$40
377,Yes,1.0,<$20
378,Yes,6.0,$80-$100
379,Yes,4.0,$20-$40
380,Yes,5.0,$40-$60
381,Yes,7.0,$40-$60
382,Yes,5.0,$20-$40
383,Yes,3.0,$20-$40
384,Yes,6.0,$40-$60
385,No,7.0,$20-$40
387,Yes,8.0,<$20
388,No,6.0,$20-$40
389,Yes,3.0,<$20
390,Yes,7.0,$60-$80
391,No,5.0,$40-$60
392,Yes,7.0,$20-$40
393,Yes,5.0,$40-$60
394,Yes,6.0,$20-$40
395,Yes,8.0,$40-$60
396,Yes,7.0,$60-$80
397,Yes,6.0,<$20
398,No,7.0,$40-$60
399,Yes,5.0,>$100
400,Yes,8.0,$40-$60
401,Yes,6.0,$20-$40
402,No,6.0,$20-$40
403,No,7.0,$20-$40
404,Yes,7.0,$40-$60
405,No,7.0,$40-$60
406,Yes,4.0,$20-$40
407,Yes,2.0,$20-$40
408,Yes,4.0,$20-$40
409,Yes,6.0,$40-$60
411,Yes,6.0,$40-$60
412,Yes,9.0,$40-$60
413,Yes,5.0,$40-$60
414,Yes,6.0,$20-$40
415,Yes,4.0,<$20
417,Yes,8.0,$40-$60
418,Yes,7.0,$40-$60
419,Yes,7.0,$20-$40
420,Yes,6.0,$60-$80
421,Yes,2.0,$40-$60
422,Yes,8.0,$40-$60
423,No,5.0,>$100
424,Yes,5.0,<$20
425,No,3.0,$20-$40
426,Yes,7.0,$20-$40
427,Yes,5.0,$40-$60
428,Yes,6.0,$40-$60
429,Yes,8.0,$40-$60
430,Yes,4.0,$20-$40
431,Yes,8.0,$20-$40
432,Yes,7.0,$60-$80
433,Yes,7.0,$60-$80
434,Yes,7.0,<$20
435,Yes,5.0,>$100
436,No,4.0,<$20
437,No,2.0,$60-$80
438,Yes,5.0,$20-$40
439,Yes,8.0,$40-$60
440,Yes,7.0,$40-$60
441,Yes,5.0,$20-$40
442,Yes,6.0,$40-$60
444,Yes,9.0,$20-$40
445,No,6.0,$20-$40
446,Yes,6.0,$20-$40
447,Yes,8.0,$40-$60
448,Yes,6.0,$20-$40
449,Yes,7.0,$20-$40
452,Yes,4.0,$80-$100
453,No,8.0,$80-$100
454,No,10.0,<$20
455,Yes,8.0,$60-$80
456,Yes,7.0,$20-$40
457,No,3.0,<$20
458,Yes,2.0,$20-$40
459,Yes,4.0,$20-$40
461,No,1.0,<$20
463,No,5.0,$60-$80
464,Yes,7.0,>$100
465,Yes,3.0,$20-$40
466,Yes,7.0,>$100
468,Yes,6.0,$60-$80
469,Yes,5.0,$20-$40
470,Yes,6.0,$40-$60
471,Yes,4.0,<$20
472,Yes,7.0,$60-$80
473,Yes,6.0,$20-$40
474,Yes,3.0,$40-$60
475,Yes,8.0,$20-$40
476,Yes,8.0,$20-$40
477,Yes,6.0,$40-$60
478,Yes,6.0,$40-$60
479,Yes,6.0,$20-$40
480,Yes,5.0,$20-$40
482,Yes,6.0,$20-$40
483,Yes,4.0,$40-$60
484,Yes,4.0,<$20
485,Yes,7.0,$60-$80
486,No,5.0,<$20
487,No,2.0,<$20
488,Yes,4.0,<$20
489,Yes,6.0,$20-$40
490,Yes,5.0,$40-$60
491,No,5.0,<$20
492,Yes,7.0,<$20
493,Yes,3.0,<$20
494,Yes,3.0,$20-$40
495,Yes,5.0,>$100
496,No,3.0,<$20
497,Yes,8.0,$20-$40
498,No,1.0,<$20
499,Yes,7.0,$80-$100
500,Yes,6.0,$60-$80
501,Yes,7.0,$40-$60
502,No,5.0,$60-$80
503,No,8.0,>$100
504,Yes,8.0,>$100
505,Yes,7.0,$40-$60
506,No,5.0,$40-$60
507,Yes,8.0,$40-$60
508,Yes,5.0,$40-$60
509,Yes,5.0,$40-$60
510,Yes,5.0,<$20
511,Yes,7.0,$20-$40
512,Yes,7.0,$20-$40
513,No,5.0,$20-$40
514,No,8.0,$20-$40
515,No,3.0,$20-$40
516,No,6.0,$20-$40
517,Yes,7.0,$40-$60
518,Yes,5.0,$20-$40
519,Yes,8.0,$20-$40
520,Yes,7.0,$20-$40
521,Yes,7.0,$40-$60
522,Yes,6.0,$40-$60
523,Yes,5.0,<$20
524,Yes,5.0,$20-$40
525,No,3.0,$40-$60
526,Yes,4.0,$20-$40
528,Yes,6.0,$40-$60
529,Yes,6.0,$20-$40
530,Yes,5.0,$40-$60
531,Yes,6.0,$20-$40
532,Yes,7.0,$60-$80
533,Yes,5.0,$60-$80
535,No,4.0,$20-$40
536,Yes,9.0,$60-$80
537,Yes,5.0,$80-$100
538,No,3.0,$20-$40
539,No,5.0,$20-$40
540,Yes,6.0,$40-$60
541,Yes,9.0,$40-$60
542,Yes,6.0,$20-$40
543,Yes,4.0,>$100
544,Yes,6.0,$40-$60
545,No,5.0,$20-$40
546,Yes,7.0,$20-$40
547,Yes,8.0,$40-$60
548,Yes,5.0,$20-$40
549,No,5.0,$20-$40
550,Yes,7.0,$20-$40
551,Yes,6.0,$60-$80
552,No,4.0,<$20
553,Yes,6.0,$20-$40
554,Yes,2.0,$40-$60
556,Yes,8.0,<$20
558,Yes,6.0,$40-$60
559,Yes,4.0,$80-$100
561,Yes,7.0,$20-$40
562,Yes,5.0,$20-$40
563,Yes,5.0,$40-$60
564,Yes,5.0,$20-$40
565,Yes,7.0,$20-$40
566,Yes,6.0,$20-$40
567,Yes,4.0,$40-$60
568,No,1.0,$60-$80
569,Yes,6.0,$20-$40
570,Yes,6.0,$40-$60
571,No,7.0,$20-$40
572,Yes,8.0,$40-$60
574,Yes,7.0,$40-$60
575,No,3.0,$20-$40
576,Yes,6.0,$40-$60
577,Yes,7.0,$60-$80
578,Yes,7.0,$60-$80
579,Yes,6.0,$20-$40
580,Yes,7.0,$20-$40
581,Yes,7.0,$20-$40
582,No,2.0,$20-$40
583,Yes,3.0,$20-$40
584,No,7.0,$40-$60
585,Yes,8.0,$60-$80
586,Yes,7.0,$20-$40
587,Yes,8.0,$40-$60
588,Yes,9.0,$40-$60
589,Yes,6.0,$40-$60
590,Yes,6.0,$40-$60
591,Yes,2.0,<$20
592,Yes,7.0,$20-$40
593,Yes,7.0,$40-$60
594,Yes,4.0,$20-$40
595,No,5.0,$40-$60
596,Yes,4.0,$40-$60
597,Yes,7.0,$20-$40
599,No,5.0,$20-$40
600,No,7.0,$40-$60
601,No,6.0,$60-$80
602,Yes,6.0,$80-$100
603,Yes,7.0,$40-$60
604,No,3.0,$80-$100
605,Yes,6.0,$20-$40
606,Yes,4.0,$60-$80
607,No,5.0,$20-$40
608,No,2.0,$20-$40
609,No,5.0,$40-$60
610,Yes,8.0,$20-$40
611,Yes,3.0,$60-$80
612,Yes,3.0,$20-$40
613,Yes,9.0,$20-$40
614,Yes,7.0,$20-$40
615,Yes,8.0,$40-$60
616,Yes,4.0,$40-$60
617,Yes,7.0,$40-$60
618,Yes,8.0,$40-$60
619,No,4.0,$20-$40
620,Yes,6.0,$20-$40
621,No,6.0,$20-$40
622,Yes,8.0,$40-$60
623,Yes,7.0,$80-$100
624,Yes,4.0,$60-$80
625,Yes,7.0,$40-$60
626,Yes,7.0,$60-$80
627,Yes,7.0,$60-$80
628,No,7.0,$40-$60
629,Yes,5.0,<$20
630,No,4.0,$40-$60
631,Yes,5.0,$40-$60
632,Yes,7.0,$40-$60
633,Yes,7.0,$20-$40
634,No,1.0,<$20
635,Yes,7.0,$20-$40
636,Yes,7.0,$60-$80
637,Yes,7.0,$40-$60
638,Yes,6.0,$20-$40
639,Yes,7.0,$40-$60
640,Yes,4.0,$40-$60
641,Yes,7.0,$80-$100
642,Yes,6.0,$40-$60
643,No,4.0,$20-$40
644,Yes,6.0,$20-$40
645,No,4.0,$20-$40
646,Yes,8.0,<$20
647,Yes,6.0,$40-$60
648,Yes,5.0,$20-$40
649,Yes,6.0,$40-$60
650,Yes,5.0,$20-$40
651,Yes,8.0,$80-$100
652,No,3.0,$20-$40
653,No,5.0,$20-$40
654,Yes,6.0,$20-$40
655,Yes,4.0,<$20
656,Yes,7.0,>$100
657,No,7.0,>$100
658,Yes,1.0,<$20
659,Yes,4.0,$20-$40
660,Yes,7.0,>$100
661,Yes,4.0,$40-$60
662,Yes,3.0,$20-$40
663,Yes,7.0,$20-$40
664,Yes,7.0,$60-$80
665,No,2.0,$40-$60
666,Yes,6.0,$40-$60
667,Yes,10.0,$80-$100
668,No,2.0,$40-$60
669,Yes,4.0,$40-$60
670,Yes,6.0,$80-$100
671,Yes,8.0,>$100
672,Yes,7.0,$20-$40
673,Yes,4.0,$20-$40
674,Yes,8.0,$80-$100
677,Yes,9.0,$80-$100
679,No,7.0,$20-$40
680,Yes,7.0,$60-$80
681,No,3.0,<$20
682,Yes,4.0,<$20
683,Yes,6.0,$80-$100
684,No,5.0,$40-$60
685,No,1.0,$20-$40
686,No,6.0,$60-$80
687,Yes,7.0,$20-$40
688,Yes,7.0,$20-$40
689,Yes,6.0,$20-$40
691,Yes,6.0,$20-$40
692,Yes,6.0,$40-$60
693,Yes,5.0,$60-$80
695,Yes,6.0,$40-$60
696,Yes,6.0,$20-$40
697,Yes,7.0,$20-$40
699,No,2.0,<$20
700,No,5.0,$20-$40
702,Yes,4.0,$20-$40
703,Yes,6.0,$80-$100
705,Yes,6.0,$60-$80
706,No,10.0,$40-$60
707,Yes,5.0,$20-$40
708,Yes,6.0,>$100
709,Yes,6.0,$40-$60
710,Yes,6.0,$60-$80
711,No,3.0,$40-$60
712,No,2.0,<$20
713,Yes,5.0,$80-$100
714,Yes,6.0,$80-$100
715,Yes,7.0,$20-$40
716,Yes,7.0,$40-$60
717,No,6.0,$20-$40
718,Yes,5.0,$40-$60
719,Yes,1.0,$20-$40
720,Yes,5.0,$20-$40
722,Yes,6.0,$40-$60
724,Yes,7.0,$40-$60
725,Yes,6.0,$40-$60
726,Yes,7.0,$40-$60
727,Yes,7.0,$40-$60
728,Yes,8.0,$20-$40
729,No,6.0,$20-$40
730,Yes,2.0,$20-$40
731,Yes,7.0,$20-$40
732,Yes,7.0,$60-$80
733,Yes,3.0,$20-$40
734,Yes,8.0,$40-$60
735,Yes,2.0,$60-$80
736,Yes,6.0,$40-$60
737,Yes,6.0,$20-$40
738,Yes,7.0,$40-$60
739,Yes,4.0,$20-$40
740,Yes,5.0,$60-$80
741,Yes,7.0,$60-$80
743,Yes,9.0,$40-$60
744,Yes,7.0,<$20
745,Yes,5.0,$20-$40
746,Yes,7.0,$20-$40
747,Yes,3.0,$20-$40
748,No,5.0,$20-$40
750,No,6.0,$20-$40
751,Yes,4.0,$20-$40
752,Yes,7.0,$60-$80
753,Yes,3.0,$20-$40
754,Yes,7.0,$20-$40
755,Yes,8.0,<$20
756,Yes,7.0,$20-$40
757,Yes,7.0,$20-$40
758,Yes,7.0,>$100
759,Yes,9.0,$20-$40
760,Yes,7.0,$40-$60
761,No,3.0,$40-$60
762,Yes,7.0,$20-$40
763,No,6.0,<$20
764,Yes,2.0,$20-$40
765,Yes,7.0,$20-$40
766,Yes,6.0,$80-$100
767,Yes,6.0,$20-$40
768,No,4.0,$20-$40
769,No,6.0,$20-$40
770,Yes,7.0,$40-$60
771,Yes,7.0,$40-$60
772,Yes,6.0,$40-$60
773,Yes,7.0,$40-$60
774,Yes,7.0,$60-$80
775,Yes,6.0,<$20
776,Yes,9.0,$80-$100
777,Yes,7.0,$60-$80
778,Yes,3.0,$40-$60
779,Yes,8.0,$40-$60
780,Yes,6.0,$40-$60
781,Yes,6.0,$40-$60
782,Yes,7.0,$40-$60
783,Yes,8.0,$40-$60
784,Yes,6.0,$60-$80
787,Yes,7.0,$80-$100
788,No,3.0,$40-$60
789,Yes,7.0,$20-$40
790,No,1.0,<$20
791,Yes,8.0,$40-$60
792,Yes,7.0,$20-$40
794,Yes,10.0,$60-$80
795,Yes,8.0,$20-$40
797,No,6.0,$20-$40
798,Yes,6.0,$80-$100
799,Yes,7.0,$40-$60
800,Yes,8.0,$20-$40
801,Yes,6.0,$40-$60
802,No,3.0,<$20
803,Yes,5.0,$40-$60
804,Yes,8.0,>$100
805,Yes,7.0,$20-$40
806,No,4.0,$20-$40
807,Yes,5.0,$20-$40
808,No,2.0,$40-$60
809,Yes,5.0,$40-$60
810,Yes,7.0,$60-$80
811,Yes,6.0,$60-$80
812,Yes,7.0,$20-$40
813,Yes,8.0,$40-$60
814,No,2.0,$80-$100
815,Yes,6.0,$20-$40
817,Yes,5.0,$20-$40
818,No,7.0,$20-$40
819,Yes,6.0,$80-$100
820,Yes,2.0,$20-$40
821,Yes,3.0,>$100
822,Yes,5.0,$80-$100
823,Yes,7.0,$20-$40
825,No,2.0,$40-$60
827,Yes,7.0,>$100
828,Yes,6.0,$20-$40
829,Yes,6.0,$60-$80
830,Yes,6.0,$20-$40
831,Yes,6.0,$40-$60
832,Yes,6.0,$40-$60
833,No,5.0,$40-$60
834,Yes,8.0,>$100
835,No,1.0,<$20
836,Yes,7.0,$40-$60
837,No,5.0,$20-$40
839,Yes,7.0,$80-$100
841,Yes,5.0,$20-$40
842,Yes,6.0,$40-$60
843,No,5.0,$40-$60
844,No,6.0,$20-$40
845,No,6.0,$20-$40
846,No,4.0,$40-$60
847,Yes,7.0,$20-$40
848,Yes,8.0,$40-$60
849,No,1.0,<$20
850,Yes,7.0,$40-$60
851,Yes,6.0,$40-$60
852,Yes,8.0,$40-$60
853,Yes,7.0,$20-$40
854,No,3.0,$20-$40
855,Yes,7.0,$40-$60
856,Yes,7.0,$60-$80
857,Yes,7.0,$40-$60
858,Yes,10.0,$80-$100
859,Yes,8.0,$40-$60
860,Yes,4.0,$20-$40
861,Yes,6.0,$60-$80
862,Yes,4.0,$20-$40
864,No,5.0,<$20
865,Yes,6.0,$20-$40
866,Yes,7.0,$80-$100
867,Yes,8.0,$40-$60
868,No,1.0,<$20
869,Yes,7.0,>$100
870,Yes,2.0,$80-$100
871,No,1.0,$20-$40
872,Yes,5.0,$20-$40
873,Yes,7.0,>$100
874,Yes,7.0,$20-$40
875,Yes,4.0,$20-$40
876,Yes,4.0,$20-$40
877,Yes,8.0,$40-$60
878,Yes,3.0,$40-$60
879,Yes,6.0,$40-$60
880,Yes,5.0,$20-$40
881,No,5.0,$60-$80
882,Yes,5.0,$20-$40
883,Yes,5.0,$80-$100
884,Yes,4.0,$20-$40
885,No,4.0,$20-$40
886,Yes,7.0,>$100
887,Yes,3.0,$80-$100
888,Yes,10.0,<$20
889,Yes,8.0,>$100
890,Yes,7.0,$60-$80
891,Yes,7.0,$60-$80
892,Yes,5.0,$60-$80
893,Yes,7.0,$40-$60
894,Yes,8.0,$40-$60
895,Yes,8.0,$80-$100
896,Yes,4.0,$40-$60
897,Yes,5.0,$20-$40
898,No,8.0,$20-$40
899,Yes,8.0,$60-$80
901,Yes,8.0,$20-$40
903,Yes,3.0,$20-$40
904,No,3.0,$20-$40
905,Yes,2.0,$20-$40
906,Yes,6.0,$20-$40
907,Yes,5.0,$20-$40
909,No,7.0,$20-$40
910,Yes,4.0,$60-$80
911,No,1.0,<$20
914,Yes,4.0,$20-$40
915,Yes,7.0,$20-$40
916,Yes,6.0,$60-$80
917,Yes,5.0,$20-$40
918,Yes,8.0,>$100
919,Yes,6.0,$40-$60
920,Yes,5.0,$60-$80
921,Yes,3.0,$20-$40
922,Yes,6.0,$20-$40
923,Yes,8.0,$40-$60
924,Yes,5.0,$20-$40
925,Yes,7.0,$20-$40
926,Yes,3.0,$20-$40
928,Yes,8.0,$40-$60
930,Yes,3.0,$40-$60
931,Yes,6.0,$20-$40
932,Yes,3.0,<$20
933,Yes,6.0,$20-$40
934,Yes,5.0,$20-$40
935,Yes,7.0,$20-$40
936,Yes,2.0,<$20
937,Yes,5.0,$20-$40
938,Yes,7.0,$40-$60
939,Yes,7.0,$60-$80
940,No,5.0,<$20
941,Yes,7.0,$40-$60
942,Yes,8.0,$20-$40
943,Yes,7.0,>$100
944,Yes,5.0,$60-$80
945,No,7.0,$80-$100
946,Yes,7.0,$20-$40
947,Yes,8.0,$40-$60
948,Yes,5.0,$20-$40
949,Yes,6.0,$20-$40
951,Yes,7.0,$80-$100
952,Yes,8.0,$20-$40
953,Yes,6.0,$40-$60
954,Yes,6.0,$20-$40
955,No,3.0,<$20
956,Yes,6.0,$20-$40
957,Yes,6.0,$20-$40
958,Yes,5.0,$40-$60
959,Yes,8.0,$40-$60
960,Yes,6.0,$80-$100
961,Yes,6.0,$40-$60
962,Yes,6.0,$20-$40
963,No,5.0,$20-$40
964,No,5.0,$40-$60
965,Yes,2.0,$20-$40
966,Yes,7.0,$60-$80
967,Yes,6.0,$20-$40
968,Yes,6.0,>$100
969,Yes,8.0,$20-$40
971,No,1.0,$20-$40
972,Yes,6.0,$60-$80
973,Yes,5.0,$20-$40
974,Yes,4.0,$20-$40
975,No,1.0,$80-$100
976,Yes,5.0,$80-$100
977,Yes,5.0,$60-$80
978,Yes,2.0,<$20
979,No,6.0,<$20
980,Yes,3.0,$20-$40
981,Yes,5.0,$40-$60
982,Yes,5.0,$20-$40
983,Yes,6.0,$20-$40
985,No,3.0,$20-$40
986,Yes,8.0,$80-$100
987,Yes,4.0,$40-$60
988,Yes,4.0,<$20
989,Yes,6.0,$20-$40
990,Yes,8.0,$20-$40
991,Yes,7.0,<$20
992,Yes,6.0,$20-$40
993,No,1.0,<$20
994,Yes,7.0,$40-$60
996,Yes,7.0,$40-$60
997,No,2.0,$40-$60
998,Yes,8.0,$80-$100
999,Yes,3.0,$20-$40
1000,Yes,6.0,$40-$60
1001,Yes,6.0,>$100
1002,Yes,7.0,$20-$40
1003,Yes,6.0,$20-$40
1004,Yes,4.0,$40-$60
1005,Yes,8.0,$20-$40
1006,Yes,6.0,$20-$40
1007,Yes,7.0,$40-$60
1008,Yes,6.0,$20-$40
1009,Yes,8.0,$60-$80
1010,Yes,6.0,$20-$40
1011,Yes,5.0,$80-$100
1012,No,1.0,<$20
1013,Yes,6.0,$40-$60
1014,Yes,7.0,$20-$40
1015,Yes,7.0,$40-$60
1016,Yes,7.0,$20-$40
1017,No,7.0,$20-$40
1018,Yes,5.0,<$20
1019,Yes,10.0,$60-$80
1020,Yes,6.0,$20-$40
1021,No,6.0,$20-$40
1022,Yes,7.0,$60-$80
1023,Yes,7.0,$20-$40
1024,Yes,5.0,$40-$60
1025,Yes,7.0,<$20
1026,Yes,4.0,<$20
1027,Yes,7.0,$40-$60
1028,Yes,4.0,$40-$60
1029,Yes,6.0,$20-$40
1030,Yes,7.0,$40-$60
1031,No,5.0,$40-$60
1033,Yes,6.0,<$20
1034,Yes,8.0,$20-$40
1035,Yes,7.0,$60-$80
1036,Yes,6.0,$60-$80
1037,No,1.0,$20-$40
1038,Yes,4.0,$40-$60
1039,Yes,8.0,$60-$80
1040,Yes,7.0,$60-$80
1041,Yes,6.0,$40-$60
1042,Yes,8.0,$40-$60
1044,Yes,6.0,$60-$80
1045,Yes,6.0,$40-$60
1046,Yes,9.0,$20-$40
1047,Yes,7.0,$40-$60
1048,Yes,6.0,$20-$40
1049,No,7.0,$40-$60
1050,Yes,7.0,$20-$40
1051,Yes,7.0,$20-$40
1052,Yes,6.0,$60-$80
1053,Yes,6.0,$80-$100
1054,No,6.0,$40-$60
1055,No,5.0,$20-$40
1056,Yes,7.0,$40-$60
1057,Yes,6.0,>$100
1058,Yes,7.0,$40-$60
1059,Yes,8.0,$40-$60
1060,No,6.0,$80-$100
1061,Yes,6.0,$20-$40
1062,No,4.0,$40-$60
1063,Yes,2.0,$80-$100
1064,Yes,6.0,$60-$80
1065,Yes,7.0,$40-$60
1066,Yes,5.0,<$20
1067,Yes,8.0,$40-$60
1068,Yes,6.0,$20-$40
1069,No,2.0,$20-$40
1070,Yes,6.0,$20-$40
1071,No,3.0,$20-$40
1072,Yes,5.0,$40-$60
1073,Yes,8.0,$20-$40
1074,No,5.0,$40-$60
1075,Yes,6.0,$80-$100
1076,Yes,8.0,$60-$80
1077,Yes,9.0,$20-$40
1078,No,2.0,<$20
1079,Yes,9.0,>$100
1080,No,5.0,$20-$40
1081,Yes,9.0,$20-$40
1082,Yes,7.0,$20-$40
1083,Yes,5.0,$40-$60
1084,Yes,8.0,$80-$100
1085,No,5.0,<$20
1086,Yes,8.0,$20-$40
1087,Yes,5.0,$20-$40
1088,Yes,8.0,$20-$40
1089,Yes,9.0,$20-$40
1090,Yes,8.0,$60-$80
1091,No,7.0,<$20
1092,Yes,5.0,$40-$60
1093,Yes,7.0,$40-$60
1094,No,1.0,$40-$60
1095,Yes,3.0,$40-$60
1096,Yes,9.0,$40-$60
1097,Yes,8.0,$60-$80
1098,Yes,7.0,$20-$40
1099,No,6.0,$20-$40
1100,No,1.0,$40-$60
1101,Yes,4.0,$80-$100
1102,No,6.0,$20-$40
1103,No,7.0,$20-$40
1104,No,3.0,<$20
1105,Yes,8.0,>$100
1106,Yes,7.0,<$20
1107,Yes,3.0,$20-$40
1108,Yes,6.0,$40-$60
1110,Yes,7.0,$40-$60
1111,Yes,6.0,>$100
1112,Yes,7.0,$40-$60
1113,No,7.0,$40-$60
1114,Yes,6.0,$20-$40
1115,Yes,7.0,$40-$60
1116,Yes,5.0,$20-$40
1117,Yes,5.0,$20-$40
1118,Yes,4.0,$20-$40
1119,Yes,3.0,$20-$40
1120,No,6.0,$40-$60
1121,Yes,7.0,$20-$40
1122,Yes,7.0,$40-$60
1123,No,4.0,<$20
1124,Yes,6.0,<$20
1126,No,7.0,$20-$40
1127,Yes,7.0,$40-$60
1129,No,3.0,$20-$40
1130,Yes,10.0,$60-$80
1131,Yes,6.0,$20-$40
1132,Yes,7.0,$60-$80
1133,No,6.0,$40-$60
1134,Yes,4.0,$40-$60
1135,Yes,5.0,$20-$40
1136,Yes,7.0,$20-$40
1137,Yes,7.0,$40-$60
1138,Yes,7.0,$60-$80
1139,No,4.0,$40-$60
1140,No,7.0,$40-$60
1141,Yes,6.0,$20-$40
1142,Yes,8.0,$40-$60
1143,Yes,6.0,$20-$40
1144,Yes,7.0,$80-$100
1145,Yes,7.0,<$20
1146,Yes,7.0,$60-$80
1147,Yes,7.0,$60-$80
1148,No,7.0,$40-$60
1149,No,5.0,$20-$40
1150,Yes,6.0,$20-$40
1151,Yes,4.0,$40-$60
1152,Yes,6.0,$80-$100
1153,Yes,7.0,$40-$60
1154,Yes,7.0,$20-$40
1155,Yes,8.0,$80-$100
1156,Yes,9.0,$20-$40
1157,Yes,6.0,<$20
1159,Yes,3.0,$20-$40
1160,No,7.0,$40-$60
1161,Yes,7.0,$60-$80
1162,Yes,6.0,$20-$40
1163,No,5.0,$40-$60
1164,Yes,6.0,$60-$80
1165,Yes,5.0,$40-$60
1166,Yes,3.0,$60-$80
1167,Yes,4.0,$40-$60
1168,Yes,8.0,$80-$100
1169,Yes,9.0,$40-$60
1170,Yes,5.0,$60-$80
1171,Yes,8.0,$40-$60
1172,Yes,7.0,$60-$80
1173,No,4.0,$20-$40
1174,Yes,6.0,$40-$60
1175,No,7.0,$20-$40
1176,Yes,7.0,<$20
1177,Yes,6.0,$40-$60
1178,Yes,7.0,$40-$60
1179,No,1.0,<$20
1180,Yes,7.0,$40-$60
1181,Yes,5.0,$20-$40
1182,Yes,6.0,$40-$60
1183,Yes,7.0,$40-$60
1184,Yes,7.0,<$20
1185,Yes,6.0,$80-$100
1186,Yes,6.0,$40-$60
1187,No,3.0,<$20
1188,Yes,7.0,$40-$60
1189,Yes,6.0,$20-$40
1190,Yes,5.0,<$20
1191,Yes,7.0,$20-$40
1192,Yes,6.0,<$20
1193,Yes,6.0,$40-$60
1194,Yes,7.0,$40-$60
1195,Yes,6.0,$20-$40
1196,Yes,2.0,$20-$40
1197,No,5.0,$60-$80
1198,No,2.0,<$20
1199,Yes,5.0,$20-$40
1201,Yes,5.0,$60-$80
1202,Yes,6.0,$40-$60
1203,Yes,3.0,$40-$60
1204,Yes,7.0,$40-$60
1206,Yes,6.0,$40-$60
1207,No,5.0,$20-$40
1208,Yes,7.0,$20-$40
1209,No,8.0,<$20
1210,No,1.0,<$20
1211,Yes,7.0,$80-$100
1212,Yes,6.0,$40-$60
1213,Yes,7.0,$20-$40
1214,Yes,7.0,$40-$60
1215,Yes,8.0,$60-$80
1216,Yes,3.0,$20-$40
1217,No,1.0,$20-$40
1218,No,5.0,$20-$40
1219,Yes,7.0,$60-$80
1220,Yes,9.0,$20-$40
1221,Yes,7.0,$20-$40
1222,No,3.0,<$20
1223,Yes,8.0,$20-$40
1224,Yes,7.0,$60-$80
1225,No,1.0,<$20
1226,Yes,2.0,$40-$60
1227,Yes,10.0,$20-$40
1228,Yes,8.0,$20-$40
1229,Yes,7.0,$20-$40
1230,Yes,7.0,$20-$40
1231,No,1.0,<$20
1232,Yes,10.0,$20-$40
1233,Yes,7.0,$80-$100
1234,Yes,5.0,$40-$60
1235,Yes,6.0,$20-$40
1236,Yes,3.0,$40-$60
1238,Yes,6.0,<$20
1239,Yes,7.0,$40-$60
1240,Yes,5.0,$60-$80
1241,Yes,6.0,$40-$60
1242,Yes,4.0,$20-$40
1244,Yes,7.0,$40-$60
1245,Yes,7.0,$80-$100
1246,Yes,7.0,<$20
1247,Yes,8.0,$20-$40
1248,Yes,6.0,$80-$100
1249,Yes,5.0,$40-$60
1250,Yes,7.0,$40-$60
1251,Yes,7.0,$40-$60
1252,Yes,8.0,$40-$60
1253,Yes,6.0,$20-$40
1254,Yes,7.0,<$20
1255,Yes,5.0,<$20
1256,Yes,7.0,$20-$40
1257,Yes,5.0,$20-$40
1258,Yes,7.0,$40-$60
1259,Yes,8.0,<$20
1260,Yes,6.0,$20-$40
1261,Yes,9.0,$20-$40
1262,No,2.0,<$20
1263,No,5.0,$60-$80
1264,Yes,4.0,$20-$40
1265,Yes,6.0,$80-$100
1266,No,2.0,$20-$40
1267,No,6.0,$20-$40
1268,Yes,5.0,$60-$80
1269,Yes,5.0,$20-$40
1270,No,6.0,$40-$60
1271,Yes,8.0,$20-$40
1272,No,7.0,$40-$60
1273,Yes,6.0,$40-$60
1274,No,5.0,<$20
1275,Yes,7.0,$60-$80
1276,Yes,5.0,$40-$60
1277,Yes,6.0,$20-$40
1278,No,1.0,<$20
1279,Yes,9.0,$20-$40
1280,No,5.0,$40-$60
1281,Yes,5.0,$20-$40
1282,Yes,8.0,$20-$40
1283,Yes,5.0,$20-$40
1284,Yes,6.0,$20-$40
1285,No,5.0,$80-$100
1286,Yes,6.0,$20-$40
1287,Yes,4.0,$20-$40
1288,Yes,3.0,$40-$60
1289,Yes,6.0,$40-$60
1290,Yes,7.0,<$20
1291,Yes,7.0,$40-$60
1292,Yes,7.0,$20-$40
1293,Yes,7.0,$60-$80
1294,Yes,6.0,$40-$60
1295,No,6.0,$20-$40
1296,Yes,7.0,<$20
1297,No,7.0,$20-$40
1298,Yes,7.0,$40-$60
1299,Yes,10.0,$60-$80
1300,Yes,8.0,$60-$80
1301,Yes,6.0,$20-$40
1303,Yes,2.0,$20-$40
1304,Yes,4.0,<$20
1305,Yes,3.0,$20-$40
1307,No,5.0,$40-$60
1308,Yes,3.0,<$20
1310,Yes,6.0,$60-$80
1311,Yes,7.0,$80-$100
1312,Yes,6.0,$60-$80
1313,No,2.0,<$20
1314,No,3.0,<$20
1315,No,1.0,$20-$40
1316,Yes,5.0,$40-$60
1317,Yes,3.0,$60-$80
1318,Yes,5.0,$20-$40
1319,No,7.0,$20-$40
1320,Yes,5.0,$20-$40
1321,No,6.0,$60-$80
1322,Yes,6.0,<$20
1323,Yes,6.0,$20-$40
1324,Yes,6.0,$60-$80
1325,Yes,7.0,$20-$40
1326,Yes,5.0,$60-$80
1328,Yes,7.0,>$100
1329,Yes,8.0,$20-$40
1331,Yes,5.0,$40-$60
1332,Yes,4.0,$20-$40
1333,Yes,7.0,$40-$60
1334,Yes,7.0,$40-$60
1335,Yes,4.0,$20-$40
1336,Yes,3.0,<$20
1337,No,8.0,$20-$40
1338,No,6.0,$20-$40
1339,Yes,8.0,$60-$80
1340,No,3.0,$20-$40
1341,Yes,5.0,$80-$100
1342,Yes,7.0,$40-$60
1343,Yes,7.0,$20-$40
1344,No,1.0,<$20
1345,Yes,5.0,$20-$40
1346,Yes,7.0,$40-$60
1347,Yes,6.0,$60-$80
1348,Yes,6.0,>$100
1349,Yes,8.0,<$20
1352,No,3.0,$20-$40
1353,No,1.0,<$20
1355,No,6.0,$20-$40
1358,Yes,5.0,$80-$100
1359,No,6.0,<$20
1360,No,6.0,$20-$40
1361,Yes,6.0,$40-$60
1362,Yes,7.0,$20-$40
1363,No,3.0,$20-$40
1364,Yes,5.0,<$20
1365,Yes,4.0,$40-$60
1366,Yes,4.0,$20-$40
1367,Yes,7.0,$40-$60
1369,Yes,7.0,$20-$40
1370,Yes,5.0,$60-$80
1372,Yes,7.0,$40-$60
1373,No,1.0,$20-$40
1375,Yes,7.0,$60-$80
1376,Yes,8.0,$40-$60
1377,Yes,4.0,$40-$60
1378,Yes,4.0,$20-$40
1379,No,5.0,<$20
1380,No,7.0,$20-$40
1381,Yes,5.0,$20-$40
1382,Yes,8.0,$80-$100
1383,No,4.0,$20-$40
1384,Yes,7.0,$20-$40
1385,No,6.0,<$20
1386,Yes,6.0,$20-$40
1387,No,1.0,<$20
1388,No,3.0,<$20
1389,Yes,7.0,$20-$40
1390,Yes,4.0,$60-$80
1391,No,6.0,$40-$60
1392,No,3.0,<$20
1393,No,3.0,<$20
1394,Yes,7.0,$40-$60
1395,Yes,6.0,$80-$100
1396,Yes,5.0,$20-$40
1397,Yes,6.0,$40-$60
1398,Yes,7.0,$40-$60
1399,No,2.0,$40-$60
1402,Yes,8.0,$20-$40
1403,Yes,5.0,$20-$40
1404,Yes,5.0,<$20
1405,Yes,4.0,$60-$80
1407,Yes,7.0,$60-$80
1408,Yes,6.0,$20-$40
1409,No,3.0,>$100
1410,Yes,6.0,$20-$40
1411,Yes,8.0,$20-$40
1412,No,8.0,$20-$40
1413,Yes,6.0,$20-$40
1414,Yes,6.0,$20-$40
1415,Yes,8.0,$20-$40
1416,Yes,5.0,$40-$60
1417,Yes,7.0,$20-$40
1418,Yes,7.0,$60-$80
1419,Yes,7.0,$80-$100
1421,Yes,6.0,$20-$40
1422,Yes,4.0,$40-$60
1423,No,4.0,$40-$60
1424,Yes,4.0,<$20
1425,No,5.0,$20-$40
1426,Yes,1.0,>$100
1427,Yes,8.0,$80-$100
1428,Yes,8.0,$60-$80
1429,Yes,7.0,$60-$80
1430,Yes,4.0,<$20
1431,No,4.0,$20-$40
1432,Yes,5.0,$20-$40
1433,Yes,7.0,$40-$60
1434,Yes,7.0,$80-$100
1435,Yes,5.0,$40-$60
1436,Yes,6.0,$40-$60
1437,No,5.0,<$20
1438,No,6.0,$20-$40
1439,Yes,8.0,$20-$40
1440,Yes,5.0,$40-$60
1441,Yes,4.0,$40-$60
1443,No,2.0,$40-$60
1444,Yes,4.0,$20-$40
1445,Yes,4.0,$20-$40
1446,Yes,7.0,$40-$60
1447,Yes,8.0,$80-$100
1448,Yes,3.0,$20-$40
1449,Yes,7.0,$20-$40
1450,Yes,7.0,$20-$40
1451,Yes,8.0,$20-$40
1452,Yes,5.0,$20-$40
1453,Yes,6.0,$40-$60
1454,No,3.0,$20-$40
1456,Yes,4.0,$80-$100
1457,Yes,7.0,$40-$60
1458,Yes,3.0,$40-$60
1459,Yes,5.0,$40-$60
1460,No,5.0,<$20
1461,No,1.0,<$20
1462,Yes,4.0,$40-$60
1463,Yes,6.0,$40-$60
1464,Yes,3.0,<$20
1465,Yes,6.0,$60-$80
1466,Yes,7.0,$20-$40
1467,Yes,5.0,$20-$40
1468,Yes,7.0,$40-$60
1469,No,5.0,$20-$40
1470,No,6.0,$60-$80
1471,Yes,6.0,<$20
1472,Yes,10.0,$80-$100
1473,Yes,7.0,$40-$60
1474,Yes,8.0,$20-$40
1475,Yes,7.0,$80-$100
1476,No,1.0,<$20
1477,No,1.0,$20-$40
1478,Yes,8.0,$60-$80
1479,Yes,4.0,$20-$40
1480,No,3.0,$20-$40
1481,Yes,8.0,$60-$80
1482,No,4.0,$20-$40
1483,No,4.0,$20-$40
1484,No,4.0,$40-$60
1485,Yes,8.0,$40-$60
1486,Yes,5.0,$20-$40
1488,Yes,6.0,$40-$60
1489,Yes,2.0,$20-$40
1490,Yes,6.0,$20-$40
1491,Yes,5.0,$40-$60
1492,Yes,2.0,$40-$60
1493,No,1.0,<$20
1494,Yes,8.0,>$100
1495,No,5.0,$40-$60
1496,No,1.0,$20-$40
1497,Yes,7.0,$20-$40
1498,No,1.0,<$20
1499,No,3.0,$40-$60
1500,Yes,6.0,$20-$40
1501,Yes,6.0,<$20
1502,Yes,4.0,$40-$60
1503,No,3.0,$20-$40
1504,Yes,7.0,$60-$80
1505,Yes,4.0,$20-$40
1506,Yes,9.0,$20-$40
1507,Yes,5.0,$60-$80
1508,Yes,8.0,$40-$60
1509,No,7.0,$20-$40
1510,Yes,6.0,$40-$60
1511,No,5.0,<$20
1512,Yes,7.0,$40-$60
1513,Yes,6.0,$20-$40
1515,Yes,7.0,$40-$60
1516,Yes,7.0,$60-$80
1517,Yes,5.0,$20-$40
1518,No,4.0,$20-$40
1519,Yes,5.0,$20-$40
1520,Yes,6.0,$20-$40
1521,Yes,6.0,>$100
1522,Yes,5.0,$60-$80
1523,Yes,5.0,$20-$40
1524,Yes,7.0,$40-$60
1525,Yes,8.0,$20-$40
1526,Yes,6.0,<$20
1527,Yes,7.0,$40-$60
1528,No,2.0,$20-$40
1529,Yes,6.0,$20-$40
1530,Yes,6.0,$80-$100
1531,Yes,6.0,<$20
1532,No,2.0,$40-$60
1533,Yes,8.0,>$100
1534,No,3.0,$80-$100
1535,No,3.0,$40-$60
1536,Yes,5.0,<$20
1537,Yes,5.0,$20-$40
1538,No,1.0,<$20
1539,Yes,4.0,$20-$40
1540,Yes,7.0,$40-$60
1541,Yes,6.0,$40-$60
1542,Yes,8.0,$80-$100
1543,No,5.0,$20-$40
1544,Yes,7.0,$40-$60
1545,Yes,5.0,$40-$60
1546,No,6.0,$20-$40
1547,Yes,3.0,$60-$80
1548,Yes,7.0,$20-$40
1549,Yes,7.0,>$100
1550,No,4.0,$20-$40
1551,No,2.0,$20-$40
1552,Yes,10.0,$20-$40
1553,Yes,7.0,$40-$60
1554,Yes,8.0,$20-$40
1555,Yes,7.0,$40-$60
1556,Yes,7.0,$40-$60
1557,Yes,7.0,$60-$80
1559,Yes,4.0,$20-$40
1560,No,6.0,$40-$60
1561,No,3.0,<$20
1562,Yes,2.0,$20-$40
1563,No,3.0,<$20
1564,Yes,7.0,$20-$40
1565,Yes,4.0,$40-$60
1566,Yes,7.0,$40-$60
1568,Yes,7.0,$20-$40
1569,No,5.0,$20-$40
1570,Yes,6.0,$20-$40
1571,Yes,8.0,<$20
1572,Yes,2.0,$20-$40
1573,Yes,6.0,$40-$60
1574,Yes,8.0,$20-$40
1579,Yes,6.0,$20-$40
1580,Yes,5.0,$40-$60
1582,Yes,7.0,$40-$60
1583,No,8.0,$40-$60
1584,Yes,5.0,$60-$80
1585,Yes,6.0,<$20
1586,Yes,3.0,<$20
1587,Yes,7.0,>$100
1590,No,4.0,$40-$60
1592,No,7.0,$80-$100
1593,Yes,6.0,$20-$40
1594,Yes,7.0,$40-$60
1595,Yes,7.0,$20-$40
1596,Yes,5.0,$20-$40
1597,Yes,8.0,>$100
1598,No,5.0,$20-$40
1599,Yes,4.0,$40-$60
1600,No,1.0,$40-$60
1601,Yes,7.0,$20-$40
1602,No,4.0,$40-$60
1603,Yes,4.0,$60-$80
1604,Yes,8.0,$40-$60
1605,No,1.0,$20-$40
1606,Yes,7.0,$60-$80
1607,No,2.0,$40-$60
1608,No,3.0,$20-$40
1609,Yes,2.0,$40-$60
1611,No,8.0,$40-$60
1613,Yes,7.0,$40-$60
1614,No,5.0,$80-$100
1615,Yes,7.0,<$20
1616,No,5.0,<$20
1618,Yes,6.0,$60-$80
1619,Yes,3.0,<$20
1620,No,5.0,$20-$40
1622,Yes,7.0,$60-$80
1623,Yes,5.0,$20-$40
1624,Yes,7.0,$40-$60
1625,Yes,5.0,$20-$40
1626,No,7.0,$60-$80
1627,Yes,3.0,$40-$60
1628,No,6.0,$20-$40
1629,Yes,5.0,<$20
1630,Yes,6.0,$20-$40
1631,Yes,7.0,>$100
1632,Yes,6.0,$20-$40
1633,Yes,7.0,$80-$100
1634,Yes,5.0,$40-$60
1635,Yes,7.0,$20-$40
1636,Yes,6.0,$80-$100
1637,Yes,8.0,$60-$80
1638,No,2.0,<$20
1639,No,3.0,<$20
1640,Yes,5.0,$40-$60
1641,Yes,7.0,$20-$40
1642,Yes,6.0,$60-$80
1643,No,3.0,$80-$100
1644,No,2.0,<$20
1645,Yes,7.0,$20-$40
1646,Yes,6.0,$40-$60
1647,No,2.0,<$20
1648,No,1.0,$60-$80
1649,Yes,5.0,$40-$60
1650,Yes,2.0,$40-$60
1651,No,7.0,$20-$40
1652,Yes,7.0,$20-$40
1653,No,3.0,$40-$60
1654,Yes,8.0,$40-$60
1655,No,6.0,<$20
1656,Yes,6.0,$20-$40
1657,Yes,6.0,$40-$60
1658,No,4.0,$40-$60
1660,Yes,6.0,$60-$80
1661,Yes,5.0,<$20
1662,No,2.0,<$20
1663,Yes,5.0,>$100
1664,No,6.0,$20-$40
1665,Yes,6.0,$20-$40
1666,No,6.0,$80-$100
1667,No,2.0,$20-$40
1668,Yes,6.0,$40-$60
1669,Yes,6.0,$60-$80
1670,Yes,7.0,$80-$100
1671,Yes,6.0,$40-$60
1672,No,6.0,$20-$40
1673,Yes,3.0,$60-$80
1674,Yes,6.0,$80-$100
1675,No,5.0,$20-$40
1676,Yes,4.0,$20-$40
1677,No,4.0,<$20
1678,Yes,7.0,$60-$80
1679,Yes,5.0,$20-$40
1680,No,5.0,$20-$40
1681,Yes,4.0,$40-$60
1682,No,5.0,$40-$60
1683,Yes,7.0,$40-$60
1684,No,3.0,<$20
1685,No,2.0,$40-$60
1686,Yes,3.0,<$20
1687,Yes,7.0,$40-$60
1688,Yes,6.0,$80-$100
1690,Yes,8.0,$20-$40
1691,No,4.0,$20-$40
1692,No,2.0,$40-$60
1693,No,6.0,$60-$80
1694,No,4.0,$20-$40
1695,No,1.0,<$20
1696,Yes,4.0,$20-$40
1697,Yes,6.0,$60-$80
1699,No,8.0,$40-$60
1700,No,6.0,$20-$40
1701,Yes,1.0,<$20
1702,Yes,5.0,<$20
1703,Yes,7.0,$40-$60
1704,Yes,6.0,$20-$40
1705,No,2.0,$20-$40
1706,No,1.0,<$20
1707,Yes,7.0,$20-$40
1708,No,5.0,$20-$40
1709,Yes,8.0,$40-$60
1710,No,5.0,$20-$40
1711,No,2.0,$60-$80
1712,No,4.0,$60-$80
1713,No,1.0,<$20
1714,No,1.0,<$20
1715,No,7.0,$60-$80
1716,No,2.0,$60-$80
1717,Yes,6.0,<$20
1718,Yes,7.0,$40-$60
1719,Yes,6.0,<$20
1720,Yes,2.0,$20-$40
1721,No,6.0,$20-$40
1722,Yes,6.0,$40-$60
1723,Yes,7.0,$40-$60
1724,Yes,8.0,$80-$100
1725,Yes,5.0,<$20
1726,Yes,7.0,$60-$80
1727,Yes,3.0,$60-$80
1728,Yes,6.0,$20-$40
1729,Yes,7.0,$20-$40
1730,Yes,6.0,$20-$40
1731,Yes,4.0,$20-$40
1732,Yes,2.0,<$20
1733,Yes,6.0,$40-$60
1734,Yes,8.0,$60-$80
1735,No,7.0,$40-$60
1736,No,3.0,$20-$40
1737,Yes,4.0,$20-$40
1738,Yes,7.0,$60-$80
1740,Yes,9.0,$20-$40
1741,Yes,3.0,<$20
1742,Yes,6.0,$40-$60
1743,Yes,4.0,$60-$80
1744,No,2.0,<$20
1745,No,6.0,<$20
1746,Yes,7.0,$40-$60
1747,Yes,6.0,$20-$40
1748,No,3.0,$20-$40
1749,No,5.0,$80-$100
1750,Yes,7.0,$20-$40
1751,No,5.0,$20-$40
1752,Yes,8.0,$60-$80
1753,Yes,7.0,$60-$80
1754,Yes,5.0,$20-$40
1755,Yes,5.0,$80-$100
1756,Yes,5.0,$40-$60
1757,Yes,6.0,$20-$40
1758,Yes,9.0,$60-$80
1759,Yes,7.0,$60-$80
1760,No,5.0,$20-$40
1761,No,7.0,$20-$40
1762,Yes,7.0,<$20
1763,Yes,5.0,$40-$60
1764,Yes,6.0,$40-$60
1765,Yes,7.0,$40-$60
1766,Yes,4.0,<$20
1767,Yes,8.0,$20-$40
1768,Yes,6.0,$20-$40
1769,Yes,2.0,$40-$60
1770,No,8.0,$40-$60
1771,Yes,4.0,$60-$80
1772,Yes,6.0,$20-$40
1773,Yes,6.0,$40-$60
1774,Yes,6.0,$40-$60
1775,Yes,8.0,$60-$80
1776,No,2.0,$20-$40
1777,Yes,7.0,$40-$60
1778,Yes,5.0,$20-$40
1779,Yes,7.0,$80-$100
1780,No,2.0,$20-$40
1781,No,4.0,$20-$40
1782,Yes,5.0,$20-$40
1783,Yes,8.0,$60-$80
1784,Yes,6.0,$20-$40
1785,Yes,6.0,$40-$60
1786,No,7.0,$40-$60
1788,Yes,5.0,$20-$40
1789,Yes,3.0,$20-$40
1790,Yes,5.0,$20-$40
1791,Yes,7.0,$40-$60
1792,Yes,7.0,$40-$60
1793,Yes,5.0,$20-$40
1794,No,2.0,$20-$40
1795,No,5.0,<$20
1796,Yes,7.0,$40-$60
1797,No,8.0,$60-$80
1798,Yes,6.0,$20-$40
1799,No,5.0,$20-$40
1802,Yes,7.0,<$20
1803,Yes,8.0,$20-$40
1806,Yes,8.0,$20-$40
1807,No,1.0,<$20
1808,No,7.0,$40-$60
1812,Yes,6.0,$20-$40
1813,Yes,5.0,>$100
1814,No,1.0,<$20
1815,Yes,8.0,$80-$100
1816,Yes,8.0,$40-$60
1817,Yes,6.0,$20-$40
1818,Yes,7.0,$60-$80
1819,Yes,5.0,$40-$60
1820,Yes,8.0,$20-$40
1821,Yes,2.0,<$20
1822,Yes,6.0,$80-$100
1823,No,5.0,$40-$60
1824,No,4.0,<$20
1826,Yes,8.0,$40-$60
1827,Yes,5.0,$20-$40
1828,No,3.0,$20-$40
1829,Yes,6.0,$20-$40
1830,No,1.0,$20-$40
1831,Yes,7.0,$20-$40
1832,No,1.0,<$20
1833,Yes,6.0,$60-$80
1834,Yes,4.0,$40-$60
1835,Yes,6.0,$40-$60
1837,Yes,6.0,>$100
1838,No,2.0,>$100
1839,Yes,3.0,$20-$40
1840,Yes,7.0,$20-$40
1841,No,7.0,$60-$80
1842,Yes,7.0,$20-$40
1843,Yes,3.0,$40-$60
1845,No,4.0,<$20
1846,No,5.0,<$20
1847,Yes,7.0,$40-$60
1848,Yes,7.0,$20-$40
1850,No,3.0,$20-$40
1851,Yes,5.0,$80-$100
1852,Yes,8.0,$40-$60
1853,No,3.0,$20-$40
1854,Yes,7.0,$40-$60
1855,Yes,5.0,$20-$40
1856,No,4.0,$40-$60
1857,Yes,5.0,$20-$40
1858,Yes,6.0,$20-$40
1859,Yes,8.0,$20-$40
1860,No,6.0,<$20
1861,Yes,6.0,$40-$60
1862,Yes,7.0,$20-$40
1864,No,3.0,$40-$60
1865,Yes,7.0,$40-$60
1866,Yes,7.0,<$20
1867,Yes,7.0,$40-$60
1868,No,3.0,$20-$40
1869,Yes,7.0,$40-$60
1870,Yes,8.0,$40-$60
1871,No,2.0,>$100
1872,Yes,6.0,$20-$40
1873,No,5.0,$20-$40
1874,Yes,8.0,$20-$40
1875,No,4.0,$20-$40
1876,Yes,7.0,$20-$40
1877,No,2.0,$20-$40
1878,Yes,7.0,$40-$60
1879,Yes,8.0,>$100
1880,Yes,5.0,$20-$40
1881,No,5.0,$20-$40
1882,No,5.0,$20-$40
1883,Yes,7.0,$20-$40
1884,Yes,6.0,$20-$40
1886,Yes,5.0,$20-$40
1887,Yes,8.0,$40-$60
1889,Yes,8.0,$20-$40
1890,No,6.0,$20-$40
1892,Yes,7.0,$40-$60
1893,Yes,5.0,$20-$40
1895,Yes,7.0,$20-$40
1896,Yes,7.0,$60-$80
1897,No,5.0,$40-$60
1898,Yes,5.0,$40-$60
1899,Yes,4.0,$40-$60
1900,No,6.0,$40-$60
1901,Yes,6.0,$20-$40
1902,Yes,6.0,$60-$80
1903,Yes,7.0,$40-$60
1904,No,5.0,<$20
1905,Yes,8.0,$20-$40
1906,Yes,6.0,$60-$80
1907,No,3.0,<$20
1908,Yes,6.0,$20-$40
1909,Yes,3.0,<$20
1910,No,1.0,$20-$40
1911,Yes,7.0,$80-$100
1912,Yes,9.0,$40-$60
1913,Yes,6.0,$60-$80
1916,No,6.0,$80-$100
1917,Yes,6.0,$40-$60
1918,Yes,7.0,>$100
1919,Yes,7.0,$40-$60
1920,Yes,4.0,$40-$60
1922,No,6.0,$80-$100
1923,Yes,8.0,$60-$80
1924,No,3.0,$20-$40
1926,Yes,7.0,$80-$100
1927,Yes,7.0,$60-$80
1928,No,1.0,$20-$40
1929,Yes,6.0,$40-$60
1930,Yes,7.0,$20-$40
1931,Yes,4.0,$20-$40
1932,Yes,6.0,$60-$80
1933,Yes,4.0,$60-$80
1934,Yes,8.0,$40-$60
1935,Yes,7.0,$60-$80
1936,Yes,5.0,$40-$60
1937,Yes,7.0,$80-$100
1938,No,1.0,$60-$80
1939,No,5.0,<$20
1941,Yes,6.0,$20-$40
1942,Yes,8.0,$20-$40
1943,Yes,5.0,$40-$60
1944,No,2.0,<$20
1945,Yes,1.0,$40-$60
1946,No,3.0,$20-$40
1947,No,4.0,$20-$40
1948,Yes,3.0,$20-$40
1949,Yes,5.0,$20-$40
1950,Yes,6.0,$20-$40
1951,Yes,7.0,$40-$60
1952,Yes,5.0,$20-$40
1953,Yes,5.0,$40-$60
1954,Yes,8.0,$20-$40
1955,Yes,4.0,$20-$40
1956,No,6.0,$20-$40
1957,No,3.0,$20-$40
1958,No,3.0,$60-$80
1959,Yes,7.0,$20-$40
1962,Yes,5.0,<$20
1963,Yes,7.0,$60-$80
1964,Yes,8.0,$60-$80
1966,Yes,6.0,$20-$40
1967,Yes,8.0,$40-$60
1969,Yes,6.0,$60-$80
1970,Yes,6.0,$40-$60
1971,Yes,9.0,$40-$60
1972,Yes,6.0,$20-$40
1973,Yes,8.0,$20-$40
1974,Yes,7.0,$60-$80
1975,Yes,6.0,$60-$80
1976,Yes,6.0,$40-$60
1977,Yes,8.0,$40-$60
1978,Yes,5.0,$20-$40
1979,No,3.0,$20-$40
1980,No,2.0,$40-$60
1981,No,7.0,$40-$60
1982,Yes,8.0,$40-$60
1983,No,5.0,$20-$40
1984,Yes,8.0,$40-$60
1985,No,5.0,$40-$60
1986,Yes,7.0,$20-$40
1987,No,5.0,$20-$40
1988,Yes,7.0,$40-$60
1989,Yes,7.0,$20-$40
1990,Yes,7.0,$60-$80
1991,No,3.0,$40-$60
1992,Yes,4.0,$40-$60
1993,Yes,5.0,$40-$60
1994,Yes,8.0,$40-$60
1995,Yes,9.0,$40-$60
1996,Yes,7.0,$20-$40
1997,No,3.0,<$20
1998,Yes,7.0,$20-$40
1999,No,6.0,<$20
2000,Yes,7.0,$40-$60
2002,No,4.0,$40-$60
2003,Yes,8.0,$60-$80
2004,Yes,5.0,$40-$60
2005,Yes,7.0,$20-$40
2006,No,2.0,<$20
2007,No,2.0,$20-$40
2009,Yes,6.0,$60-$80
2010,Yes,6.0,$20-$40
2011,No,6.0,$80-$100
2012,Yes,6.0,$20-$40
2013,Yes,3.0,$40-$60
2014,Yes,5.0,$40-$60
2015,Yes,6.0,$20-$40
2016,Yes,10.0,$60-$80
2017,Yes,6.0,$40-$60
2018,Yes,4.0,$20-$40
2020,Yes,8.0,$20-$40
2021,Yes,7.0,$40-$60
2022,Yes,8.0,$20-$40
2023,Yes,5.0,$20-$40
2025,Yes,7.0,$40-$60
2026,Yes,5.0,$20-$40
2027,Yes,9.0,$20-$40
2029,Yes,7.0,$40-$60
2030,Yes,7.0,$40-$60
2031,Yes,1.0,<$20
2032,Yes,5.0,$40-$60
2033,Yes,6.0,$20-$40
2034,Yes,5.0,$40-$60
2035,No,4.0,$40-$60
2036,Yes,7.0,$20-$40
2037,Yes,7.0,$20-$40
2038,Yes,8.0,$80-$100
2039,Yes,8.0,$20-$40
2040,Yes,6.0,$20-$40
2041,Yes,6.0,$60-$80
2042,Yes,10.0,$40-$60
2043,No,5.0,$40-$60
2044,Yes,4.0,<$20
2045,Yes,6.0,<$20
2046,Yes,8.0,$60-$80
2047,Yes,5.0,$20-$40
2048,Yes,8.0,<$20
2049,Yes,5.0,$20-$40
2050,Yes,7.0,$20-$40
2051,No,6.0,$20-$40
2053,No,1.0,<$20
2054,Yes,7.0,$40-$60
2055,Yes,3.0,$20-$40
2056,Yes,8.0,$60-$80
2057,Yes,5.0,$40-$60
2058,Yes,4.0,$20-$40
2059,Yes,4.0,$40-$60
2060,Yes,6.0,$20-$40
2061,Yes,4.0,$20-$40
2062,Yes,7.0,$40-$60
2063,Yes,7.0,$40-$60
2064,Yes,6.0,$20-$40
2066,Yes,10.0,$20-$40
2067,Yes,8.0,$40-$60
2068,No,1.0,$80-$100
2069,No,1.0,<$20
2070,Yes,6.0,$40-$60
2072,Yes,6.0,>$100
2073,Yes,6.0,$20-$40
2074,No,2.0,$20-$40
2075,Yes,5.0,$40-$60
2076,Yes,7.0,$20-$40
2077,Yes,6.0,$40-$60
2078,No,3.0,$20-$40
2079,Yes,9.0,$20-$40
2080,Yes,4.0,$20-$40
2081,Yes,6.0,$20-$40
2082,Yes,2.0,$20-$40
2083,No,6.0,$40-$60
2084,No,3.0,<$20
2085,No,5.0,$20-$40
2086,Yes,8.0,$40-$60
2087,Yes,4.0,<$20
2088,No,7.0,$40-$60
2089,Yes,7.0,$20-$40
2090,Yes,6.0,$80-$100
2093,Yes,8.0,$80-$100
2094,No,2.0,<$20
2095,Yes,1.0,<$20
2096,No,4.0,$40-$60
2097,No,2.0,<$20
2098,Yes,5.0,$80-$100
2099,Yes,6.0,$60-$80
2100,Yes,6.0,$80-$100
2101,Yes,6.0,$40-$60
2103,No,8.0,$40-$60
2104,Yes,7.0,$80-$100
2105,Yes,6.0,$60-$80
2106,Yes,5.0,$20-$40
2107,Yes,6.0,$40-$60
2108,Yes,6.0,$20-$40
2109,No,1.0,<$20
2111,No,4.0,$20-$40
2112,Yes,7.0,$40-$60
2113,Yes,8.0,$40-$60
2114,Yes,3.0,$20-$40
2115,Yes,5.0,$80-$100
2116,Yes,6.0,$20-$40
2117,Yes,4.0,$20-$40
2118,Yes,7.0,$40-$60
2119,No,6.0,$20-$40
2120,Yes,5.0,$40-$60
2121,Yes,8.0,>$100
2122,Yes,6.0,$60-$80
2123,Yes,6.0,$20-$40
2125,No,5.0,$20-$40
2126,Yes,5.0,$40-$60
2127,No,5.0,<$20
2128,Yes,7.0,$60-$80
2129,Yes,7.0,$40-$60
2130,Yes,8.0,$60-$80
2132,Yes,6.0,$40-$60
2133,Yes,7.0,$80-$100
2134,No,2.0,<$20
2135,No,5.0,>$100
2136,Yes,6.0,$60-$80
2137,Yes,5.0,$60-$80
2138,Yes,7.0,$80-$100
2139,Yes,7.0,$20-$40
2140,Yes,2.0,$40-$60
2141,Yes,7.0,$80-$100
2142,Yes,4.0,$20-$40
2143,Yes,6.0,$20-$40
2144,Yes,6.0,$40-$60
2146,Yes,7.0,$40-$60
2147,Yes,7.0,$40-$60
2148,Yes,6.0,$20-$40
2149,Yes,8.0,$60-$80
2151,Yes,7.0,$40-$60
2152,Yes,7.0,$80-$100
2153,Yes,7.0,$80-$100
2154,Yes,6.0,$40-$60
2156,No,1.0,<$20
2157,Yes,5.0,$80-$100
2158,No,7.0,$20-$40
2159,Yes,7.0,>$100
2160,Yes,5.0,<$20
2161,Yes,7.0,$40-$60
2162,Yes,4.0,$40-$60
2163,Yes,7.0,$40-$60
2164,No,7.0,$60-$80
2165,Yes,8.0,$40-$60
2166,Yes,7.0,$40-$60
2167,Yes,5.0,$40-$60
2169,Yes,5.0,$20-$40
2170,No,7.0,$20-$40
2171,Yes,6.0,$20-$40
2172,Yes,8.0,$40-$60
2173,No,4.0,$20-$40
2174,No,7.0,$40-$60
2176,Yes,3.0,$20-$40
2177,Yes,8.0,$60-$80
2178,Yes,7.0,$40-$60
2179,Yes,3.0,$20-$40
2180,Yes,8.0,$60-$80
2181,No,1.0,>$100
2183,Yes,1.0,<$20
2184,Yes,5.0,$40-$60
2185,No,4.0,$60-$80
2186,Yes,5.0,$20-$40
2187,Yes,8.0,<$20
2188,Yes,5.0,$40-$60
2190,Yes,8.0,$80-$100
2191,No,5.0,<$20
2192,Yes,6.0,$40-$60
2193,Yes,6.0,>$100
2194,Yes,9.0,$80-$100
2195,Yes,6.0,$20-$40
2196,Yes,4.0,$20-$40
2197,Yes,5.0,<$20
2198,Yes,6.0,$20-$40
2199,No,8.0,<$20
2200,Yes,7.0,$40-$60
2202,Yes,6.0,$80-$100
2203,Yes,6.0,$40-$60
2204,Yes,2.0,<$20
2205,No,1.0,<$20
2206,No,6.0,<$20
2207,Yes,8.0,$60-$80
2208,Yes,5.0,$60-$80
2209,No,4.0,<$20
2210,Yes,7.0,$40-$60
2211,Yes,6.0,$40-$60
2212,Yes,3.0,$20-$40
2213,Yes,2.0,$60-$80
2214,No,3.0,<$20
2215,Yes,4.0,$40-$60
2216,Yes,5.0,$20-$40
2217,No,5.0,$40-$60
2218,Yes,4.0,$40-$60
2219,No,5.0,$20-$40
2220,Yes,7.0,$40-$60
2222,Yes,7.0,$20-$40
2223,Yes,7.0,$20-$40
2224,Yes,4.0,$60-$80
2225,No,1.0,<$20
2226,No,6.0,$60-$80
2227,Yes,9.0,$40-$60
2229,Yes,5.0,<$20
2230,Yes,7.0,$60-$80
2231,Yes,5.0,$20-$40
2232,Yes,4.0,$20-$40
2234,Yes,7.0,$40-$60
2235,Yes,7.0,$20-$40
2236,No,6.0,$20-$40
2237,Yes,5.0,$60-$80
2238,Yes,7.0,$80-$100
2240,Yes,6.0,$40-$60
2241,Yes,5.0,>$100
2242,Yes,6.0,$20-$40
2243,No,4.0,$20-$40
2244,Yes,8.0,$60-$80
2245,Yes,7.0,$20-$40
2246,Yes,5.0,$20-$40
2247,Yes,8.0,<$20
2248,Yes,7.0,$20-$40
2249,Yes,7.0,$40-$60
2250,Yes,7.0,$40-$60
2251,Yes,5.0,$40-$60
2253,No,1.0,<$20
2254,No,4.0,<$20
2255,No,5.0,$20-$40
2256,No,7.0,$20-$40
2257,Yes,9.0,$80-$100
2258,No,2.0,<$20
2260,No,4.0,$40-$60
2261,Yes,6.0,$20-$40
2262,Yes,6.0,$40-$60
2263,Yes,6.0,$20-$40
2264,Yes,8.0,$40-$60
2265,Yes,5.0,$20-$40
2266,Yes,6.0,$20-$40
2267,Yes,4.0,$20-$40
2269,No,6.0,$40-$60
2270,Yes,6.0,$60-$80
2271,No,5.0,$40-$60
2272,Yes,6.0,$20-$40
2273,Yes,6.0,$20-$40
2274,Yes,7.0,$20-$40
2276,Yes,8.0,$40-$60
2277,Yes,8.0,$40-$60
2278,Yes,5.0,$20-$40
2279,Yes,4.0,$20-$40
2280,Yes,5.0,$40-$60
2281,No,5.0,$40-$60
2282,Yes,6.0,$40-$60
2283,Yes,5.0,$20-$40
2284,No,3.0,$20-$40
2286,Yes,6.0,$40-$60
2287,Yes,7.0,$20-$40
2288,Yes,5.0,$20-$40
2290,Yes,1.0,<$20
2293,No,5.0,$20-$40
2295,Yes,3.0,<$20
2296,No,4.0,$20-$40
2297,Yes,7.0,$40-$60
2298,No,5.0,$40-$60
2299,Yes,8.0,$40-$60
2300,Yes,6.0,$20-$40
2301,Yes,7.0,$40-$60
2303,Yes,5.0,$20-$40
2304,Yes,7.0,$20-$40
2305,Yes,4.0,$20-$40
2306,Yes,4.0,$80-$100
2307,Yes,7.0,$40-$60
2308,Yes,6.0,$40-$60
2311,Yes,6.0,$20-$40
2312,Yes,6.0,$20-$40
2313,Yes,8.0,$20-$40
2314,Yes,8.0,<$20
2315,Yes,6.0,$20-$40
2316,Yes,6.0,$40-$60
2317,Yes,6.0,$60-$80
2318,No,3.0,<$20
2319,Yes,6.0,$20-$40
2320,No,3.0,$20-$40
2321,Yes,7.0,$40-$60
2322,Yes,8.0,$20-$40
2323,Yes,6.0,<$20
2324,Yes,7.0,$40-$60
2325,Yes,8.0,$40-$60
2326,Yes,8.0,$40-$60
2327,Yes,7.0,$60-$80
2328,Yes,7.0,<$20
2329,Yes,8.0,$40-$60
2330,Yes,6.0,$20-$40
2331,No,7.0,$40-$60
2333,Yes,8.0,<$20
2334,Yes,8.0,$40-$60
2335,No,1.0,<$20
2336,Yes,7.0,$80-$100
2339,No,2.0,$20-$40
2340,Yes,5.0,$20-$40
2341,Yes,8.0,$20-$40
2342,Yes,6.0,$40-$60
2343,Yes,7.0,$60-$80
2344,Yes,8.0,$20-$40
2345,No,4.0,$20-$40
2346,Yes,4.0,$60-$80
2347,Yes,8.0,$20-$40
2348,Yes,4.0,$20-$40
2349,Yes,7.0,$20-$40
2351,Yes,6.0,$40-$60
2352,Yes,7.0,$20-$40
2355,No,3.0,$40-$60
2357,Yes,6.0,$40-$60
2358,Yes,7.0,$20-$40
2359,No,5.0,$20-$40
2360,Yes,5.0,$20-$40
2361,Yes,7.0,$20-$40
2363,Yes,5.0,$60-$80
2364,No,4.0,$60-$80
2365,Yes,7.0,$40-$60
2366,No,3.0,$40-$60
2367,Yes,7.0,>$100
2368,Yes,6.0,$40-$60
2369,Yes,3.0,$20-$40
2370,Yes,7.0,$40-$60
2371,No,2.0,$60-$80
2372,No,5.0,$20-$40
2374,Yes,8.0,$40-$60
2375,Yes,7.0,$40-$60
2376,Yes,5.0,$40-$60
2377,Yes,8.0,$80-$100
2378,Yes,7.0,$60-$80
2379,Yes,8.0,$20-$40
2380,No,6.0,$20-$40
2381,Yes,7.0,$40-$60
2382,Yes,6.0,$80-$100
2383,Yes,8.0,>$100
2384,Yes,7.0,>$100
2387,Yes,7.0,$40-$60
2388,No,2.0,<$20
2390,Yes,4.0,$20-$40
2391,No,1.0,$20-$40
2392,No,3.0,$20-$40
2393,Yes,7.0,$40-$60
2394,Yes,7.0,$40-$60
2395,No,5.0,$60-$80
2396,Yes,8.0,$40-$60
2397,Yes,7.0,$80-$100
2398,Yes,3.0,$20-$40
2399,Yes,5.0,$80-$100
2400,Yes,5.0,$60-$80
2401,Yes,7.0,$20-$40
2402,Yes,3.0,$40-$60
2403,Yes,7.0,$20-$40
2404,Yes,6.0,<$20
2405,Yes,6.0,$20-$40
2406,No,3.0,<$20
2407,Yes,6.0,$40-$60
2408,Yes,5.0,$40-$60
2409,Yes,8.0,$20-$40
2410,Yes,5.0,$60-$80
2411,Yes,6.0,$40-$60
2412,Yes,5.0,$20-$40
2415,No,3.0,<$20
2416,No,4.0,<$20
2417,Yes,6.0,$40-$60
2421,No,1.0,$20-$40
2423,Yes,8.0,$20-$40
2424,Yes,7.0,$20-$40
2425,No,2.0,$20-$40
2426,Yes,5.0,$80-$100
2428,No,5.0,$20-$40
2431,Yes,6.0,$20-$40
2432,Yes,7.0,$40-$60
2433,No,1.0,<$20
2434,No,4.0,$20-$40
2435,Yes,6.0,$20-$40
2436,Yes,2.0,$40-$60
2438,Yes,7.0,$60-$80
2439,No,3.0,$80-$100
2441,Yes,2.0,$20-$40
2442,No,4.0,$20-$40
2443,No,6.0,<$20
2445,Yes,8.0,>$100
2446,Yes,7.0,$40-$60
2447,Yes,6.0,$40-$60
2448,No,1.0,$40-$60
2449,Yes,6.0,$60-$80
2450,No,5.0,$40-$60
2451,Yes,7.0,$20-$40
2452,Yes,7.0,$60-$80
2453,Yes,8.0,$60-$80
2454,No,7.0,$40-$60
2456,No,5.0,$20-$40
2458,Yes,9.0,$40-$60
2459,Yes,8.0,$40-$60
2460,Yes,6.0,$20-$40
2461,Yes,4.0,$20-$40
2462,Yes,2.0,<$20
2464,No,1.0,<$20
2465,Yes,7.0,$40-$60
2466,Yes,7.0,$60-$80
2467,No,3.0,$40-$60
2468,Yes,8.0,$40-$60
2469,Yes,8.0,$40-$60
2470,Yes,8.0,$60-$80
2471,No,7.0,$40-$60
2473,Yes,5.0,$20-$40
2474,Yes,8.0,$20-$40
2475,Yes,4.0,<$20
2477,Yes,5.0,$20-$40
2478,Yes,9.0,>$100
2479,No,5.0,<$20
2480,Yes,7.0,$80-$100
2482,Yes,6.0,$40-$60
2483,No,1.0,<$20
2484,Yes,6.0,$40-$60
2485,No,2.0,<$20
2487,No,4.0,<$20
2488,Yes,4.0,$20-$40
2489,Yes,5.0,$20-$40
2490,No,4.0,$20-$40
2491,No,6.0,$40-$60
2492,Yes,7.0,>$100
2493,Yes,4.0,$20-$40
2495,Yes,7.0,$40-$60
2496,No,2.0,<$20
2497,Yes,4.0,<$20
2498,No,6.0,<$20
2499,Yes,7.0,<$20
2500,Yes,8.0,>$100
2501,Yes,7.0,$20-$40
2502,Yes,8.0,$40-$60
2505,Yes,5.0,$60-$80
2506,Yes,8.0,$20-$40
2507,Yes,7.0,$20-$40
2508,Yes,6.0,$20-$40
2509,Yes,3.0,$40-$60
2510,No,4.0,<$20
2511,Yes,8.0,$60-$80
2513,Yes,4.0,$40-$60
2514,Yes,7.0,$40-$60
2515,Yes,6.0,$20-$40
2516,Yes,8.0,$80-$100
2517,Yes,9.0,$20-$40
2518,No,5.0,$20-$40
2520,Yes,7.0,$20-$40
2521,Yes,3.0,$40-$60
2523,No,4.0,$80-$100
2524,No,7.0,$20-$40
2525,No,4.0,$40-$60
2527,Yes,6.0,$20-$40
2528,Yes,8.0,$40-$60
2529,Yes,3.0,$40-$60
2530,No,3.0,<$20
2531,No,7.0,$40-$60
2532,No,3.0,$40-$60
2533,Yes,8.0,$60-$80
2534,Yes,4.0,$20-$40
2535,No,2.0,<$20
2537,Yes,7.0,$80-$100
2538,Yes,7.0,$20-$40
2539,Yes,6.0,$20-$40
2541,Yes,1.0,$20-$40
2542,Yes,6.0,$40-$60
2543,Yes,6.0,$40-$60
2544,No,4.0,<$20
2546,No,4.0,<$20
2547,Yes,9.0,$60-$80
2548,No,1.0,<$20
2549,Yes,5.0,$40-$60
2550,Yes,8.0,$20-$40
2551,No,7.0,<$20
2552,No,1.0,<$20
2553,Yes,7.0,$60-$80
2554,Yes,2.0,$40-$60
2555,Yes,6.0,$80-$100
2556,Yes,6.0,$40-$60
2557,Yes,4.0,<$20
2558,Yes,8.0,$40-$60
2559,Yes,6.0,$40-$60
2560,No,7.0,$20-$40
2561,Yes,8.0,$20-$40
2562,Yes,1.0,$20-$40
2563,No,8.0,$40-$60
2564,Yes,5.0,<$20
2565,Yes,8.0,>$100
2566,No,7.0,$60-$80
2567,Yes,7.0,<$20
2569,Yes,5.0,$20-$40
2571,Yes,5.0,$80-$100
2573,Yes,1.0,>$100
2574,Yes,5.0,$20-$40
2575,Yes,5.0,$20-$40
2576,Yes,1.0,$20-$40
2577,Yes,8.0,$40-$60
2578,No,5.0,$40-$60
2579,Yes,7.0,$60-$80
2580,Yes,7.0,$40-$60
2581,No,1.0,<$20
2582,Yes,5.0,$20-$40
2583,Yes,6.0,$40-$60
2584,No,6.0,<$20
2585,Yes,8.0,$40-$60
2586,Yes,4.0,$40-$60
2587,Yes,9.0,$80-$100
2588,Yes,6.0,$20-$40
2591,Yes,8.0,$20-$40
2592,No,3.0,<$20
2593,No,6.0,$20-$40
2594,Yes,7.0,$60-$80
2595,Yes,5.0,$20-$40
2596,Yes,7.0,$20-$40
2597,Yes,8.0,$40-$60
2598,Yes,4.0,>$100
2599,Yes,7.0,$40-$60
2600,No,1.0,<$20
2601,No,2.0,<$20
2602,Yes,7.0,$60-$80
2603,Yes,7.0,$20-$40
2604,No,3.0,<$20
2605,Yes,5.0,$20-$40
2606,Yes,7.0,$40-$60
2608,Yes,8.0,$60-$80
2611,No,1.0,<$20
2612,No,3.0,<$20
2613,Yes,8.0,$40-$60
2614,Yes,6.0,$20-$40
2616,Yes,5.0,$20-$40
2617,No,3.0,$60-$80
2618,Yes,4.0,>$100
2619,No,1.0,<$20
2620,Yes,6.0,$20-$40
2621,Yes,6.0,<$20
2622,Yes,6.0,$40-$60
2623,Yes,3.0,$20-$40
2624,Yes,5.0,$20-$40
2625,Yes,6.0,$40-$60
2626,Yes,7.0,$20-$40
2627,No,5.0,$20-$40
2628,Yes,4.0,$20-$40
2629,Yes,5.0,$40-$60
2630,No,5.0,$20-$40
2631,Yes,7.0,$20-$40
2633,No,3.0,<$20
2634,Yes,7.0,$40-$60
2635,Yes,7.0,$40-$60
2636,Yes,6.0,$60-$80
2637,Yes,6.0,$40-$60
2638,No,3.0,<$20
2640,Yes,4.0,$20-$40
2641,Yes,9.0,$20-$40
2643,No,6.0,$20-$40
2645,Yes,7.0,$20-$40
2646,Yes,6.0,$20-$40
2647,No,4.0,<$20
2648,No,5.0,$40-$60
2649,Yes,7.0,$20-$40
2653,No,3.0,<$20
2655,Yes,8.0,$60-$80
2656,No,3.0,$40-$60
2657,Yes,4.0,$40-$60
2658,Yes,8.0,$20-$40
2659,Yes,6.0,$20-$40
2660,No,3.0,<$20
2661,Yes,7.0,$20-$40
2662,Yes,5.0,$20-$40
2663,No,4.0,<$20
2664,Yes,7.0,$40-$60
2665,Yes,7.0,<$20
2666,Yes,5.0,$20-$40
2667,Yes,7.0,$20-$40
2668,Yes,8.0,$20-$40
2670,No,7.0,$40-$60
2671,Yes,8.0,$40-$60
2673,Yes,7.0,$20-$40
2674,Yes,8.0,$40-$60
2675,Yes,3.0,<$20
2676,Yes,5.0,$40-$60
2677,Yes,5.0,<$20
2678,Yes,7.0,$60-$80
2679,Yes,8.0,$20-$40
2680,Yes,8.0,$20-$40
2681,No,5.0,$40-$60
2682,Yes,7.0,$40-$60
2683,Yes,5.0,$20-$40
2684,Yes,7.0,$20-$40
2685,Yes,7.0,$80-$100
2686,Yes,5.0,$20-$40
2687,No,7.0,$20-$40
2688,Yes,7.0,<$20
2689,Yes,7.0,$20-$40
2690,Yes,5.0,$40-$60
2691,Yes,7.0,$40-$60
2692,No,4.0,$60-$80
2693,Yes,10.0,$20-$40
2694,No,4.0,<$20
2695,Yes,8.0,$60-$80
2696,Yes,7.0,$40-$60
2697,Yes,6.0,$20-$40
2698,Yes,8.0,$60-$80
2699,No,5.0,$40-$60
2701,Yes,7.0,$40-$60
2702,Yes,6.0,$20-$40
2703,Yes,6.0,$20-$40
2704,Yes,7.0,$40-$60
2705,No,8.0,$20-$40
2706,No,3.0,$20-$40
2707,Yes,7.0,$20-$40
2708,Yes,6.0,$20-$40
2710,Yes,5.0,<$20
2711,Yes,6.0,$20-$40
2712,Yes,8.0,$20-$40
2713,Yes,7.0,$40-$60
2714,No,4.0,$40-$60
2716,No,10.0,$60-$80
2717,Yes,6.0,$20-$40
2718,Yes,8.0,$40-$60
2719,Yes,8.0,$40-$60
2720,No,3.0,$20-$40
2721,Yes,7.0,$80-$100
2722,Yes,2.0,$20-$40
2723,No,5.0,$20-$40
2724,Yes,8.0,$20-$40
2725,Yes,5.0,$60-$80
2726,No,2.0,$20-$40
2727,Yes,6.0,$60-$80
2728,Yes,4.0,$20-$40
2729,Yes,5.0,$20-$40
2730,Yes,7.0,$20-$40
2734,Yes,7.0,$40-$60
2735,No,3.0,<$20
2736,Yes,7.0,$20-$40
2737,No,6.0,<$20
2739,Yes,6.0,$20-$40
2740,No,1.0,<$20
2742,Yes,8.0,$20-$40
2744,Yes,6.0,$20-$40
2745,Yes,6.0,$80-$100
2746,Yes,8.0,$80-$100
2747,Yes,9.0,$40-$60
2749,No,1.0,<$20
2754,Yes,7.0,$60-$80
2755,Yes,7.0,$60-$80
2758,Yes,7.0,$20-$40
2760,Yes,7.0,>$100
2761,No,7.0,$80-$100
2762,No,5.0,$20-$40
2763,Yes,8.0,$40-$60
2764,Yes,4.0,$20-$40
2765,Yes,7.0,$20-$40
2766,No,7.0,<$20
2767,Yes,8.0,$20-$40
2768,Yes,3.0,$40-$60
2769,Yes,5.0,$20-$40
2770,Yes,8.0,$40-$60
2771,Yes,8.0,$40-$60
2772,Yes,5.0,$20-$40
2773,Yes,7.0,$40-$60
2774,No,4.0,$40-$60
2775,Yes,6.0,$40-$60
2776,Yes,7.0,$40-$60
2777,Yes,7.0,$40-$60
2778,Yes,7.0,$40-$60
2780,No,6.0,$40-$60
2781,Yes,6.0,$20-$40
2783,Yes,5.0,$60-$80
2784,No,3.0,$20-$40
2785,Yes,10.0,$40-$60
2786,Yes,6.0,$20-$40
2787,Yes,6.0,<$20
2788,Yes,8.0,$20-$40
2789,Yes,3.0,$20-$40
2791,Yes,4.0,$20-$40
2792,Yes,6.0,$80-$100
2793,Yes,6.0,$20-$40
2794,Yes,8.0,$60-$80
2795,No,1.0,<$20
2796,Yes,6.0,$20-$40
2797,Yes,6.0,$60-$80
2798,Yes,8.0,$20-$40
2799,Yes,3.0,$20-$40
2800,Yes,6.0,$40-$60
2801,No,3.0,$60-$80
2802,Yes,8.0,$40-$60
2803,No,8.0,$40-$60
2804,Yes,6.0,$20-$40
2805,Yes,5.0,$60-$80
2806,Yes,3.0,$60-$80
2807,Yes,7.0,$80-$100
2808,Yes,6.0,$60-$80
2809,Yes,7.0,$40-$60
2811,Yes,6.0,$20-$40
2812,No,6.0,<$20
2813,No,4.0,<$20
2814,Yes,7.0,$40-$60
2815,Yes,6.0,$40-$60
2816,Yes,8.0,$40-$60
2817,Yes,2.0,$40-$60
2818,No,7.0,$20-$40
2819,Yes,8.0,$40-$60
2820,Yes,5.0,$60-$80
2821,Yes,6.0,$20-$40
2822,Yes,7.0,$20-$40
2823,Yes,4.0,$20-$40
2824,No,4.0,$80-$100
2825,Yes,8.0,$40-$60
2826,Yes,5.0,$40-$60
2827,Yes,7.0,$40-$60
2828,Yes,5.0,$60-$80
2829,Yes,6.0,$60-$80
2830,Yes,7.0,$20-$40
2831,No,2.0,<$20
2832,Yes,8.0,$80-$100
2833,Yes,7.0,<$20
2834,Yes,7.0,$40-$60
2835,No,5.0,<$20
2837,Yes,5.0,$20-$40
2839,No,5.0,$20-$40
2840,Yes,7.0,$20-$40
2841,Yes,6.0,$20-$40
2842,Yes,5.0,$60-$80
2843,Yes,5.0,$20-$40
2844,Yes,7.0,$40-$60
2845,Yes,7.0,$40-$60
2846,Yes,9.0,<$20
2847,No,2.0,$40-$60
2848,Yes,8.0,$40-$60
2849,Yes,6.0,$80-$100
2850,Yes,6.0,$20-$40
2851,Yes,7.0,$20-$40
2852,Yes,8.0,$80-$100
2855,No,3.0,$60-$80
2856,Yes,3.0,$60-$80
2857,Yes,4.0,<$20
2858,Yes,6.0,$20-$40
2859,Yes,7.0,$40-$60
2860,Yes,1.0,$40-$60
2861,Yes,6.0,$40-$60
2862,No,6.0,$20-$40
2863,Yes,6.0,>$100
2864,Yes,7.0,$40-$60
2865,Yes,3.0,$40-$60
2867,Yes,5.0,$80-$100
2869,No,5.0,$20-$40
2870,Yes,7.0,$80-$100
2871,No,3.0,$20-$40
2872,No,2.0,$20-$40
2873,No,4.0,$20-$40
2874,Yes,7.0,$20-$40
2875,Yes,8.0,$20-$40
2876,Yes,8.0,$40-$60
2877,Yes,7.0,$20-$40
2878,Yes,3.0,$40-$60
2879,Yes,7.0,>$100
2881,Yes,9.0,$40-$60
2882,Yes,6.0,$40-$60
2883,No,2.0,$40-$60
2884,Yes,3.0,$20-$40
2885,Yes,4.0,$20-$40
2886,No,4.0,$20-$40
2887,Yes,8.0,$40-$60
2888,Yes,7.0,$40-$60
2889,Yes,7.0,$40-$60
2890,Yes,9.0,$60-$80
2892,Yes,6.0,$40-$60
2893,Yes,6.0,$20-$40
2894,No,3.0,<$20
2895,No,6.0,$20-$40
2896,Yes,8.0,>$100
2898,Yes,5.0,<$20
2899,Yes,7.0,$20-$40
2900,No,1.0,<$20
2901,Yes,7.0,$20-$40
2902,Yes,8.0,$40-$60
2903,Yes,8.0,$60-$80
2904,Yes,5.0,$80-$100
2905,Yes,3.0,<$20
2906,Yes,7.0,>$100
2907,Yes,7.0,$60-$80
2908,Yes,7.0,$20-$40
2909,Yes,4.0,<$20
2910,Yes,5.0,$40-$60
2912,Yes,6.0,$40-$60
2913,Yes,8.0,>$100
2914,Yes,5.0,<$20
2915,Yes,5.0,<$20
2916,Yes,8.0,$40-$60
2918,Yes,8.0,$40-$60
2919,No,3.0,$20-$40
2920,Yes,8.0,>$100
2921,Yes,9.0,$60-$80
2923,No,3.0,>$100
2924,Yes,7.0,$20-$40
2925,Yes,5.0,$40-$60
2926,Yes,5.0,$20-$40
2927,Yes,8.0,$60-$80
2928,Yes,7.0,$40-$60
2929,Yes,9.0,$40-$60
2930,No,6.0,$60-$80
2931,Yes,7.0,$40-$60
2932,No,4.0,$20-$40
2933,Yes,8.0,$40-$60
2934,Yes,8.0,$20-$40
2935,Yes,7.0,$60-$80
2936,Yes,7.0,$60-$80
2937,Yes,7.0,$20-$40
2938,Yes,8.0,$40-$60
2939,Yes,5.0,$20-$40
2940,Yes,6.0,$60-$80
2942,Yes,6.0,$40-$60
2944,No,3.0,<$20
2947,Yes,4.0,$40-$60
2948,Yes,6.0,$80-$100
2949,Yes,6.0,$40-$60
2950,Yes,7.0,$40-$60
2951,No,2.0,<$20
2952,Yes,8.0,$40-$60
2953,Yes,7.0,$40-$60
2955,No,6.0,$20-$40
2956,Yes,7.0,$40-$60
2957,Yes,7.0,$20-$40
2958,Yes,8.0,$40-$60
2959,Yes,7.0,>$100
2960,Yes,6.0,$40-$60
2962,Yes,3.0,$40-$60
2963,Yes,6.0,$40-$60
2965,Yes,1.0,$60-$80
2966,Yes,7.0,$40-$60
2967,Yes,8.0,$60-$80
2968,No,6.0,$20-$40
2970,Yes,9.0,$40-$60
2972,Yes,7.0,$20-$40
2973,Yes,6.0,$20-$40
2974,Yes,5.0,$20-$40
2975,No,5.0,$20-$40
2976,Yes,8.0,$40-$60
2977,Yes,7.0,$20-$40
2978,Yes,7.0,>$100
2979,Yes,8.0,$40-$60
2981,Yes,7.0,$20-$40
2983,No,4.0,<$20
2986,Yes,8.0,$40-$60
2987,Yes,7.0,$40-$60
2988,Yes,7.0,$80-$100
2990,Yes,7.0,$40-$60
2992,Yes,6.0,$40-$60
2993,Yes,6.0,$40-$60
2994,No,7.0,$20-$40
2996,Yes,6.0,$40-$60
2997,Yes,7.0,$20-$40
2999,Yes,8.0,$40-$60
3000,Yes,7.0,$60-$80
3002,Yes,7.0,$40-$60
3003,Yes,7.0,$40-$60
3004,Yes,7.0,$20-$40
3006,Yes,7.0,<$20
3007,Yes,6.0,>$100
3009,Yes,5.0,$40-$60
3011,Yes,8.0,$40-$60
3012,Yes,6.0,$40-$60
3013,Yes,5.0,$20-$40
3014,Yes,8.0,$20-$40
3015,Yes,4.0,<$20
3016,No,6.0,$40-$60
3017,Yes,6.0,$20-$40
3018,Yes,7.0,$20-$40
3019,Yes,10.0,$60-$80
3020,Yes,6.0,>$100
3021,Yes,7.0,$60-$80
3022,No,1.0,$20-$40
3023,No,2.0,$20-$40
3024,Yes,5.0,$80-$100
3025,Yes,6.0,$40-$60
3026,Yes,6.0,$60-$80
3027,Yes,6.0,$20-$40
3028,No,4.0,$20-$40
3031,Yes,9.0,$60-$80
3032,Yes,5.0,$40-$60
3033,Yes,6.0,$60-$80
3034,Yes,6.0,$80-$100
3035,Yes,7.0,$20-$40
3036,No,4.0,<$20
3037,Yes,7.0,$20-$40
3038,Yes,7.0,$20-$40
3039,Yes,6.0,$20-$40
3040,Yes,3.0,$60-$80
3041,Yes,8.0,$40-$60
3042,Yes,6.0,$40-$60
3043,No,5.0,$40-$60
3044,Yes,7.0,$60-$80
3045,No,6.0,$40-$60
3046,Yes,8.0,$40-$60
3047,No,7.0,$40-$60
3048,Yes,3.0,$20-$40
3051,Yes,4.0,$20-$40
3052,Yes,8.0,$40-$60
3053,No,3.0,<$20
3054,Yes,9.0,$40-$60
3056,Yes,5.0,$20-$40
3057,No,4.0,$20-$40
3058,Yes,4.0,$20-$40
3059,Yes,8.0,$60-$80
3061,No,4.0,$80-$100
3063,Yes,10.0,$20-$40
3064,Yes,4.0,$60-$80
3065,Yes,4.0,<$20
3066,Yes,3.0,$20-$40
3067,Yes,5.0,$40-$60
3068,No,3.0,$80-$100
3069,No,4.0,$40-$60
3071,Yes,3.0,$40-$60
3072,Yes,8.0,$40-$60
3073,Yes,7.0,<$20
3074,Yes,4.0,$40-$60
3075,Yes,8.0,$40-$60
3076,No,3.0,<$20
3077,Yes,7.0,$60-$80
3078,No,1.0,$20-$40
3079,Yes,6.0,$60-$80
3080,Yes,6.0,$20-$40
3082,No,6.0,<$20
3083,Yes,7.0,<$20
3084,Yes,6.0,$20-$40
3085,Yes,7.0,$40-$60
3086,Yes,9.0,>$100
3087,Yes,7.0,$40-$60
3088,No,1.0,<$20
3089,Yes,6.0,$80-$100
3091,Yes,6.0,$20-$40
3092,Yes,7.0,$40-$60
3096,Yes,3.0,$40-$60
3097,Yes,8.0,$80-$100
3099,Yes,7.0,$20-$40
3102,Yes,8.0,$20-$40
3103,No,2.0,$80-$100
3104,Yes,8.0,$20-$40
3105,No,4.0,$40-$60
3106,No,5.0,$20-$40
3108,Yes,7.0,$80-$100
3109,Yes,7.0,$40-$60
3111,No,7.0,$40-$60
3112,Yes,8.0,>$100
3113,Yes,5.0,$40-$60
3114,Yes,4.0,$60-$80
3115,Yes,7.0,$80-$100
3116,No,6.0,<$20
3117,Yes,6.0,>$100
3118,Yes,7.0,$40-$60
3119,No,5.0,$20-$40
3120,Yes,8.0,>$100
3121,Yes,8.0,$40-$60
3122,Yes,7.0,$20-$40
3123,Yes,6.0,$20-$40
3124,Yes,6.0,$60-$80
3125,Yes,8.0,$20-$40
3126,Yes,6.0,$40-$60
3127,No,4.0,$40-$60
3128,Yes,6.0,$80-$100
3130,Yes,8.0,$60-$80
3131,No,5.0,$40-$60
3132,Yes,6.0,$60-$80
3133,No,2.0,<$20
3134,No,1.0,<$20
3135,No,5.0,$60-$80
3136,No,3.0,$20-$40
3137,Yes,6.0,$20-$40
3138,Yes,7.0,$40-$60
3140,Yes,6.0,$20-$40
3141,No,1.0,<$20
3142,Yes,4.0,>$100
3143,Yes,6.0,$40-$60
3145,No,8.0,$60-$80
3146,Yes,7.0,$20-$40
3147,Yes,8.0,$80-$100
3148,Yes,5.0,$40-$60
3149,Yes,4.0,$20-$40
3150,No,2.0,$20-$40
3151,No,3.0,<$20
3154,Yes,5.0,$20-$40
3155,Yes,7.0,$60-$80
3156,Yes,5.0,$40-$60
3159,Yes,7.0,$40-$60
3160,Yes,7.0,$60-$80
3162,Yes,7.0,$60-$80
3164,Yes,1.0,$40-$60
3165,No,4.0,$80-$100
3166,Yes,8.0,$20-$40
3167,Yes,7.0,$40-$60
3168,No,3.0,$20-$40
3169,Yes,8.0,$40-$60
3170,Yes,7.0,>$100
3171,No,8.0,$20-$40
3172,Yes,7.0,$40-$60
3173,No,1.0,<$20
3174,No,5.0,$40-$60
3175,Yes,5.0,<$20
3176,Yes,7.0,$20-$40
3177,Yes,6.0,$20-$40
3179,Yes,7.0,$20-$40
3180,No,5.0,$20-$40
3182,Yes,7.0,$20-$40
3183,Yes,7.0,$20-$40
3184,Yes,5.0,$20-$40
3185,Yes,6.0,$20-$40
3186,No,8.0,$40-$60
3187,No,8.0,$20-$40
3188,Yes,5.0,$20-$40
3189,Yes,6.0,$40-$60
3190,Yes,6.0,$40-$60
3191,Yes,8.0,$20-$40
3192,Yes,7.0,$40-$60
3194,Yes,7.0,$20-$40
3195,Yes,6.0,$20-$40
3196,No,2.0,<$20
3197,Yes,1.0,$20-$40
3198,Yes,6.0,$60-$80
3199,No,6.0,<$20
3200,No,6.0,$20-$40
3201,Yes,4.0,$40-$60
3202,No,7.0,$20-$40
3203,Yes,6.0,$20-$40
3205,No,6.0,$20-$40
3206,No,5.0,$80-$100
3207,Yes,6.0,$40-$60
3208,Yes,6.0,$40-$60
3209,Yes,9.0,$40-$60
3210,Yes,6.0,$40-$60
3211,Yes,7.0,$40-$60
3212,Yes,6.0,$40-$60
3213,No,5.0,$20-$40
3215,Yes,6.0,<$20
3216,Yes,5.0,$40-$60
3217,Yes,5.0,$40-$60
3218,Yes,2.0,$40-$60
3219,Yes,8.0,$20-$40
3220,Yes,7.0,$20-$40
3222,Yes,4.0,<$20
3223,No,1.0,<$20
3226,No,5.0,<$20
3227,Yes,4.0,$40-$60
3229,Yes,6.0,$60-$80
3230,Yes,7.0,>$100
3231,Yes,8.0,$40-$60
3233,No,3.0,$20-$40
3236,Yes,7.0,$80-$100
3237,Yes,1.0,<$20
3238,Yes,8.0,$40-$60
3239,No,2.0,<$20
3240,No,4.0,<$20
3241,Yes,7.0,$40-$60
3242,No,5.0,$40-$60
3243,Yes,7.0,$40-$60
3244,Yes,5.0,<$20
3245,No,3.0,$20-$40
3246,Yes,6.0,$20-$40
3247,Yes,5.0,<$20
3248,No,6.0,$20-$40
3249,Yes,6.0,$40-$60
3250,Yes,7.0,$40-$60
3251,No,3.0,<$20
3252,No,2.0,<$20
3253,Yes,3.0,$20-$40
3254,Yes,8.0,$40-$60
3255,Yes,9.0,$60-$80
3256,Yes,6.0,$40-$60
3257,No,3.0,$80-$100
3258,Yes,7.0,$40-$60
3259,Yes,8.0,$40-$60
3260,No,6.0,<$20
3261,Yes,5.0,<$20
3262,No,3.0,$20-$40
3263,Yes,8.0,$40-$60
3264,Yes,1.0,<$20
3265,Yes,5.0,$80-$100
3266,No,4.0,$20-$40
3267,Yes,7.0,$40-$60
3268,Yes,5.0,$80-$100
3269,Yes,9.0,$80-$100
3270,No,2.0,$20-$40
3271,Yes,7.0,$20-$40
3272,No,1.0,<$20
3273,Yes,5.0,$20-$40
3274,Yes,7.0,$20-$40
3275,Yes,6.0,$60-$80
3276,Yes,8.0,<$20
3277,Yes,6.0,$40-$60
3278,Yes,7.0,$40-$60
3279,No,7.0,$60-$80
3280,Yes,7.0,<$20
3281,Yes,7.0,$20-$40
3282,No,7.0,>$100
3283,Yes,8.0,$20-$40
3284,Yes,8.0,$20-$40
3285,Yes,7.0,$20-$40
3286,Yes,1.0,<$20
3287,Yes,5.0,$20-$40
3288,No,4.0,$20-$40
3289,No,3.0,$20-$40
3291,No,7.0,$40-$60
3292,Yes,6.0,$60-$80
3293,Yes,8.0,$20-$40
3294,Yes,4.0,$20-$40
3295,No,5.0,$20-$40
3296,Yes,6.0,$80-$100
3297,Yes,5.0,$40-$60
3298,No,2.0,<$20
3299,No,3.0,$20-$40
3300,Yes,8.0,$60-$80
3301,Yes,4.0,<$20
3302,Yes,2.0,<$20
3303,No,3.0,<$20
3304,Yes,7.0,$40-$60
3305,Yes,6.0,$20-$40
3306,Yes,7.0,$40-$60
3307,No,3.0,$20-$40
3308,Yes,7.0,$40-$60
3309,Yes,9.0,$20-$40
3310,Yes,6.0,$20-$40
3311,No,6.0,$40-$60
3312,Yes,6.0,$20-$40
3313,No,7.0,$40-$60
3315,Yes,8.0,$20-$40
3316,Yes,8.0,$60-$80
3317,Yes,8.0,$40-$60
3318,No,7.0,$80-$100
3320,Yes,6.0,$20-$40
3321,Yes,8.0,>$100
3322,No,1.0,<$20
3323,Yes,5.0,$40-$60
3324,No,2.0,<$20
3325,Yes,9.0,$80-$100
3326,Yes,7.0,$40-$60
3327,Yes,5.0,$20-$40
3328,Yes,5.0,$40-$60
3329,Yes,8.0,$40-$60
3330,No,4.0,<$20
3331,No,7.0,$60-$80
3332,Yes,6.0,$80-$100
3334,Yes,9.0,$40-$60
3336,Yes,5.0,<$20
3337,Yes,5.0,$80-$100
3338,Yes,7.0,<$20
3340,Yes,6.0,$60-$80
3341,No,3.0,<$20
3342,Yes,7.0,$40-$60
3343,Yes,8.0,$40-$60
3345,No,5.0,$40-$60
3346,No,4.0,$20-$40
3347,No,6.0,$20-$40
3348,Yes,5.0,$20-$40
3349,Yes,7.0,$20-$40
3350,Yes,5.0,$20-$40
3351,Yes,8.0,$60-$80
3353,Yes,6.0,$80-$100
3354,Yes,6.0,$20-$40
3355,Yes,6.0,$40-$60
3356,Yes,7.0,$40-$60
3357,Yes,6.0,$20-$40
3358,Yes,9.0,$80-$100
3359,Yes,2.0,<$20
3360,No,5.0,$20-$40
3361,Yes,4.0,$20-$40
3362,Yes,3.0,$20-$40
3363,No,3.0,$40-$60
3364,Yes,9.0,>$100
3365,Yes,8.0,$40-$60
3366,Yes,4.0,$80-$100
3367,No,4.0,$20-$40
3368,No,6.0,$60-$80
3369,Yes,5.0,$40-$60
3370,Yes,7.0,<$20
3371,Yes,5.0,$40-$60
3372,No,3.0,$40-$60
3373,Yes,8.0,$60-$80
3374,Yes,8.0,$20-$40
3375,No,3.0,<$20
3377,Yes,8.0,$20-$40
3378,No,1.0,<$20
3379,Yes,5.0,$60-$80
3380,Yes,8.0,$20-$40
3382,Yes,5.0,$20-$40
3383,No,7.0,$40-$60
3386,Yes,9.0,$20-$40
3387,Yes,7.0,$20-$40
3388,Yes,4.0,$20-$40
3389,Yes,5.0,$40-$60
3390,Yes,7.0,$40-$60
3391,Yes,6.0,$20-$40
3392,Yes,6.0,$20-$40
3393,Yes,7.0,$20-$40
3395,Yes,3.0,$40-$60
3396,No,2.0,$80-$100
3398,Yes,4.0,$20-$40
3399,Yes,7.0,$60-$80
3401,Yes,7.0,$40-$60
3402,Yes,9.0,$40-$60
3403,Yes,7.0,$20-$40
3404,Yes,8.0,$80-$100
3405,No,3.0,$60-$80
3406,Yes,6.0,$40-$60
3407,No,1.0,$20-$40
3408,Yes,7.0,$60-$80
3409,Yes,7.0,$80-$100
3410,Yes,5.0,>$100
3412,Yes,6.0,$20-$40
3413,Yes,8.0,$40-$60
3415,Yes,10.0,$20-$40
3417,Yes,6.0,$40-$60
3418,Yes,6.0,<$20
3420,Yes,5.0,$20-$40
3424,Yes,6.0,$40-$60
3425,Yes,7.0,$60-$80
3426,Yes,8.0,$20-$40
3427,No,6.0,$20-$40
3428,Yes,5.0,$60-$80
3429,Yes,7.0,$20-$40
3430,Yes,5.0,$20-$40
3431,Yes,6.0,$40-$60
3432,Yes,7.0,$20-$40
3433,Yes,4.0,$20-$40
3435,Yes,7.0,$40-$60
3436,Yes,7.0,>$100
3437,Yes,7.0,$60-$80
3439,Yes,4.0,$80-$100
3440,Yes,7.0,$40-$60
3441,No,5.0,$20-$40
3442,Yes,6.0,$20-$40
3444,Yes,1.0,$40-$60
3445,Yes,5.0,$40-$60
3447,No,4.0,$40-$60
3448,No,8.0,$20-$40
3450,Yes,4.0,<$20
3451,Yes,6.0,$20-$40
3452,Yes,7.0,$40-$60
3453,Yes,6.0,$60-$80
3454,Yes,8.0,$20-$40
3455,Yes,7.0,$40-$60
3457,Yes,7.0,$20-$40
3458,Yes,7.0,$40-$60
3459,Yes,8.0,$60-$80
3460,Yes,7.0,$20-$40
3462,No,2.0,<$20
3463,Yes,5.0,$20-$40
3464,Yes,5.0,$20-$40
3465,Yes,6.0,<$20
3466,Yes,7.0,$60-$80
3467,Yes,8.0,$80-$100
3468,Yes,7.0,<$20
3469,Yes,6.0,$40-$60
3470,Yes,8.0,$20-$40
3471,No,1.0,<$20
3472,No,6.0,$20-$40
3473,Yes,8.0,$60-$80
3474,Yes,8.0,$40-$60
3475,No,2.0,$40-$60
3476,Yes,5.0,$40-$60
3477,Yes,6.0,$40-$60
3478,Yes,6.0,<$20
3479,Yes,7.0,$20-$40
3480,Yes,7.0,$60-$80
3482,Yes,7.0,$40-$60
3483,Yes,8.0,$20-$40
3485,Yes,4.0,$20-$40
3486,Yes,7.0,$20-$40
3488,Yes,8.0,$20-$40
3489,Yes,1.0,<$20
3490,No,6.0,$20-$40
3491,Yes,1.0,<$20
3493,Yes,6.0,$20-$40
3494,Yes,2.0,<$20
3495,Yes,6.0,$40-$60
3498,Yes,6.0,$20-$40
3499,No,7.0,$40-$60
3500,Yes,6.0,$20-$40
3502,Yes,6.0,$20-$40
3503,Yes,6.0,$60-$80
3504,No,4.0,$40-$60
3505,Yes,8.0,$60-$80
3506,Yes,7.0,$20-$40
3507,Yes,7.0,$20-$40
3508,Yes,8.0,$60-$80
3509,No,1.0,<$20
3510,Yes,7.0,$60-$80
3511,No,6.0,$80-$100
3512,Yes,10.0,$80-$100
3513,Yes,7.0,$60-$80
3514,Yes,7.0,$40-$60
3515,Yes,8.0,$40-$60
3516,Yes,8.0,$40-$60
3517,Yes,8.0,$60-$80
3518,Yes,6.0,$20-$40
3520,Yes,7.0,$60-$80
3521,Yes,5.0,$40-$60
3522,Yes,6.0,$20-$40
3523,Yes,1.0,$60-$80
3524,Yes,7.0,$40-$60
3525,Yes,4.0,$40-$60
3526,No,1.0,<$20
3528,Yes,6.0,$80-$100
3529,Yes,3.0,<$20
3530,Yes,8.0,<$20
3531,No,2.0,<$20
3532,No,6.0,$20-$40
3533,Yes,4.0,$60-$80
3534,Yes,8.0,$40-$60
3535,Yes,5.0,$20-$40
3536,No,3.0,$20-$40
3537,Yes,9.0,$40-$60
3538,No,6.0,>$100
3542,Yes,8.0,$40-$60
3543,Yes,6.0,$80-$100
3545,Yes,6.0,$60-$80
3546,Yes,5.0,$80-$100
3547,Yes,7.0,$20-$40
3548,Yes,7.0,$40-$60
3549,No,6.0,$20-$40
3550,Yes,7.0,$80-$100
3551,Yes,8.0,$40-$60
3552,Yes,6.0,$20-$40
3555,Yes,6.0,$20-$40
3556,Yes,8.0,$40-$60
3557,No,1.0,<$20
3558,No,2.0,<$20
3560,Yes,7.0,$40-$60
3561,Yes,7.0,$40-$60
3563,Yes,6.0,>$100
3564,Yes,8.0,$40-$60
3565,Yes,7.0,$40-$60
3567,Yes,7.0,$40-$60
3568,Yes,7.0,$40-$60
3569,Yes,2.0,$20-$40
3570,Yes,4.0,$20-$40
3571,No,1.0,<$20
3572,Yes,5.0,$20-$40
3573,Yes,6.0,$60-$80
3574,Yes,7.0,$60-$80
3575,Yes,5.0,$20-$40
3577,Yes,4.0,$40-$60
3578,Yes,8.0,$60-$80
3579,Yes,6.0,$20-$40
3580,No,3.0,<$20
3581,Yes,6.0,$40-$60
3583,Yes,8.0,$40-$60
3584,No,10.0,<$20
3586,No,6.0,<$20
3588,Yes,7.0,$40-$60
3589,Yes,2.0,$40-$60
3591,Yes,6.0,$40-$60
3592,Yes,6.0,$40-$60
3593,Yes,6.0,$20-$40
3594,No,6.0,>$100
3595,Yes,7.0,$20-$40
3596,Yes,5.0,$20-$40
3597,Yes,3.0,$20-$40
3598,Yes,8.0,$40-$60
3599,Yes,8.0,$20-$40
3601,Yes,7.0,$20-$40
3602,Yes,7.0,$40-$60
3603,No,4.0,$20-$40
3604,No,2.0,$20-$40
3606,No,6.0,>$100
3607,Yes,6.0,$20-$40
3608,No,4.0,$20-$40
3609,No,6.0,$40-$60
3610,No,6.0,$80-$100
3611,Yes,7.0,$20-$40
3612,Yes,8.0,$40-$60
3613,Yes,8.0,$20-$40
3614,Yes,7.0,$80-$100
3615,Yes,8.0,>$100
3616,Yes,7.0,$80-$100
3617,Yes,6.0,$40-$60
3618,No,1.0,$20-$40
3620,Yes,7.0,$40-$60
3621,Yes,5.0,$40-$60
3622,No,5.0,$40-$60
3623,No,5.0,<$20
3624,Yes,6.0,$40-$60
3625,No,2.0,$80-$100
3626,Yes,5.0,$40-$60
3627,No,4.0,$20-$40
3628,Yes,7.0,$20-$40
3629,Yes,4.0,$60-$80
3630,Yes,8.0,$40-$60
3632,Yes,5.0,$40-$60
3633,Yes,6.0,$20-$40
3634,Yes,8.0,$40-$60
3635,No,1.0,$20-$40
3636,Yes,6.0,$20-$40
3638,Yes,5.0,$40-$60
3640,Yes,6.0,$40-$60
3642,Yes,7.0,$40-$60
3643,Yes,7.0,$40-$60
3644,Yes,7.0,$20-$40
3645,Yes,6.0,$40-$60
3646,No,2.0,<$20
3648,Yes,6.0,$40-$60
3649,Yes,6.0,<$20
3650,Yes,3.0,$20-$40
3651,No,3.0,$40-$60
3652,Yes,7.0,$80-$100
3653,Yes,4.0,$80-$100
3654,Yes,6.0,$20-$40
3656,Yes,1.0,<$20
3657,Yes,5.0,>$100
3658,Yes,5.0,$40-$60
3659,No,6.0,$20-$40
3660,Yes,6.0,$20-$40
3661,Yes,8.0,$20-$40
3662,No,4.0,$60-$80
3663,No,6.0,<$20
3664,Yes,6.0,$20-$40
3665,Yes,9.0,$60-$80
3666,Yes,5.0,$20-$40
3667,Yes,5.0,$40-$60
3668,Yes,7.0,$60-$80
3669,Yes,7.0,$20-$40
3670,Yes,6.0,$20-$40
3671,Yes,9.0,$20-$40
3672,Yes,6.0,$20-$40
3673,Yes,8.0,$20-$40
3674,Yes,6.0,$60-$80
3675,Yes,6.0,$20-$40
3676,No,1.0,<$20
3677,Yes,8.0,<$20
3678,Yes,4.0,$20-$40
3680,Yes,8.0,$40-$60
3682,No,4.0,$60-$80
3683,Yes,1.0,$80-$100
3685,Yes,6.0,$40-$60
3688,Yes,8.0,$20-$40
3692,Yes,8.0,$40-$60
3693,No,8.0,$40-$60
3694,Yes,7.0,$20-$40
3696,Yes,7.0,>$100
3698,No,5.0,$40-$60
3699,Yes,7.0,$60-$80
3700,No,8.0,$40-$60
3702,Yes,9.0,$80-$100
3703,Yes,8.0,>$100
3704,Yes,6.0,$40-$60
3705,No,6.0,$20-$40
3707,No,4.0,$20-$40
3709,Yes,9.0,$40-$60
3711,No,6.0,<$20
3712,No,5.0,$20-$40
3713,Yes,5.0,$40-$60
3714,No,6.0,$40-$60
3715,Yes,6.0,$40-$60
3719,Yes,5.0,$20-$40
3721,No,6.0,$20-$40
3722,Yes,5.0,$60-$80
3723,No,6.0,$40-$60
3725,Yes,7.0,$60-$80
3726,Yes,6.0,$40-$60
3728,Yes,6.0,$20-$40
3729,No,4.0,$60-$80
3730,No,2.0,$20-$40
3731,Yes,7.0,$20-$40
3732,Yes,5.0,<$20
3734,Yes,10.0,$20-$40
3735,Yes,5.0,$40-$60
3736,Yes,7.0,$20-$40
3737,Yes,8.0,$80-$100
3738,Yes,8.0,$40-$60
3739,Yes,6.0,$80-$100
3740,Yes,6.0,$40-$60
3741,Yes,7.0,$40-$60
3743,Yes,6.0,$60-$80
3744,Yes,9.0,$20-$40
3745,No,4.0,$40-$60
3746,Yes,4.0,$40-$60
3747,Yes,3.0,$40-$60
3748,Yes,7.0,$40-$60
3749,Yes,6.0,$60-$80
3751,Yes,5.0,$20-$40
3754,Yes,7.0,$40-$60
3755,Yes,6.0,$20-$40
3756,Yes,2.0,$20-$40
3757,Yes,6.0,$60-$80
3758,Yes,4.0,$20-$40
3759,Yes,7.0,$20-$40
3760,Yes,7.0,$60-$80
3761,Yes,8.0,$40-$60
3762,Yes,5.0,<$20
3763,No,3.0,$20-$40
3764,Yes,7.0,$60-$80
3765,Yes,8.0,$40-$60
3766,Yes,4.0,$40-$60
3767,Yes,8.0,$40-$60
3768,Yes,3.0,$40-$60
3770,Yes,8.0,$20-$40
3773,Yes,9.0,<$20
3774,Yes,5.0,$20-$40
3775,Yes,6.0,$20-$40
3776,Yes,9.0,$40-$60
3777,Yes,7.0,<$20
3778,Yes,7.0,$60-$80
3779,No,5.0,$40-$60
3780,Yes,6.0,$20-$40
3781,Yes,6.0,$40-$60
3782,Yes,4.0,$40-$60
3783,Yes,6.0,$20-$40
3784,Yes,4.0,<$20
3785,Yes,1.0,$20-$40
3786,No,3.0,<$20
3788,Yes,8.0,$60-$80
3792,Yes,7.0,<$20
3793,No,3.0,$20-$40
3794,Yes,9.0,>$100
3795,Yes,6.0,$40-$60
3796,Yes,6.0,$20-$40
3797,Yes,8.0,$60-$80
3798,Yes,8.0,$40-$60
3799,Yes,7.0,$20-$40
3800,No,3.0,<$20
3801,Yes,6.0,$20-$40
3802,Yes,7.0,$20-$40
3804,Yes,5.0,$20-$40
3805,Yes,5.0,$20-$40
3806,Yes,7.0,$40-$60
3807,No,1.0,<$20
3808,No,4.0,$20-$40
3809,Yes,6.0,$80-$100
3810,No,4.0,$20-$40
3811,No,4.0,$40-$60
3813,Yes,6.0,$20-$40
3814,Yes,6.0,$20-$40
3815,Yes,7.0,$20-$40
3816,Yes,7.0,$60-$80
3817,Yes,5.0,$60-$80
3819,Yes,4.0,$20-$40
3820,Yes,8.0,$60-$80
3821,Yes,6.0,$60-$80
3822,Yes,5.0,$40-$60
3823,Yes,6.0,$60-$80
3824,No,4.0,$80-$100
3825,Yes,7.0,$40-$60
3826,Yes,5.0,$40-$60
3827,Yes,6.0,$40-$60
3828,Yes,9.0,$20-$40
3829,Yes,6.0,$80-$100
3830,Yes,4.0,$20-$40
3831,Yes,7.0,$20-$40
3832,Yes,6.0,$20-$40
3833,No,3.0,$20-$40
3834,Yes,8.0,$60-$80
3835,Yes,7.0,$80-$100
3836,Yes,7.0,$20-$40
3838,Yes,5.0,$60-$80
3839,Yes,7.0,$40-$60
3841,Yes,8.0,$40-$60
3842,No,7.0,<$20
3843,Yes,8.0,$40-$60
3845,Yes,4.0,$20-$40
3847,Yes,6.0,$20-$40
3849,No,7.0,$20-$40
3850,Yes,10.0,$20-$40
3851,No,3.0,$20-$40
3852,Yes,7.0,$80-$100
3853,Yes,6.0,$20-$40
3855,Yes,7.0,$40-$60
3856,Yes,7.0,$20-$40
3858,Yes,7.0,$20-$40
3861,No,3.0,<$20
3862,No,7.0,$20-$40
3863,No,5.0,$60-$80
3864,No,3.0,$20-$40
3865,No,6.0,$80-$100
3866,Yes,6.0,$40-$60
3867,No,7.0,$40-$60
3868,Yes,8.0,$20-$40
3869,No,6.0,$60-$80
3870,No,5.0,$20-$40
3871,Yes,6.0,$60-$80
3872,Yes,8.0,$40-$60
3873,Yes,7.0,$20-$40
3874,No,1.0,<$20
3875,Yes,6.0,$40-$60
3876,Yes,6.0,$20-$40
3877,Yes,5.0,<$20
3879,Yes,8.0,$60-$80
3880,Yes,3.0,$60-$80
3881,Yes,6.0,$20-$40
3882,Yes,3.0,$60-$80
3884,Yes,6.0,$20-$40
3885,Yes,5.0,$20-$40
3886,Yes,6.0,$20-$40
3887,No,2.0,<$20
3888,Yes,5.0,$20-$40
3889,Yes,5.0,$80-$100
3892,No,5.0,$20-$40
3893,Yes,6.0,$20-$40
3894,No,4.0,<$20
3895,Yes,7.0,$40-$60
3896,Yes,8.0,$40-$60
3897,Yes,6.0,$20-$40
3898,Yes,5.0,<$20
3899,Yes,4.0,$20-$40
3900,Yes,6.0,>$100
3901,Yes,9.0,$40-$60
3902,Yes,8.0,$40-$60
3903,Yes,4.0,$20-$40
3904,Yes,8.0,<$20
3905,Yes,6.0,>$100
3906,Yes,8.0,$40-$60
3907,Yes,7.0,>$100
3908,No,5.0,$40-$60
3910,Yes,9.0,$60-$80
3911,Yes,6.0,$60-$80
3912,Yes,5.0,$20-$40
3914,Yes,6.0,$40-$60
3915,Yes,7.0,$40-$60
3916,Yes,8.0,$20-$40
3918,Yes,6.0,$40-$60
3921,No,1.0,<$20
3923,Yes,6.0,$40-$60
3924,Yes,5.0,$20-$40
3925,Yes,5.0,$40-$60
3926,Yes,5.0,$20-$40
3927,Yes,3.0,$20-$40
3928,No,4.0,$20-$40
3929,Yes,7.0,<$20
3930,Yes,8.0,$40-$60
3931,Yes,7.0,$20-$40
3932,No,7.0,$20-$40
3934,Yes,9.0,$20-$40
3935,Yes,6.0,$60-$80
3937,Yes,7.0,$40-$60
3939,No,6.0,$20-$40
3940,Yes,7.0,$40-$60
3942,Yes,7.0,$20-$40
3943,Yes,7.0,$80-$100
3944,Yes,3.0,$40-$60
3945,Yes,10.0,$20-$40
3947,No,4.0,$20-$40
3948,Yes,5.0,<$20
3949,Yes,7.0,$40-$60
3950,Yes,6.0,$40-$60
3952,Yes,6.0,$40-$60
3954,Yes,7.0,$20-$40
3956,Yes,7.0,$20-$40
3957,Yes,7.0,$40-$60
3960,Yes,7.0,$40-$60
3961,No,6.0,$40-$60
3962,Yes,7.0,$20-$40
3963,Yes,7.0,$60-$80
3964,Yes,8.0,$20-$40
3966,Yes,7.0,$40-$60
3967,Yes,6.0,$80-$100
3968,Yes,8.0,$40-$60
3969,Yes,9.0,$60-$80
3970,No,6.0,$20-$40
3972,No,4.0,$20-$40
3973,Yes,7.0,$20-$40
3974,Yes,3.0,$20-$40
3975,Yes,7.0,$40-$60
3976,Yes,7.0,$20-$40
3977,Yes,7.0,$40-$60
3979,Yes,8.0,$20-$40
3980,No,3.0,<$20
3981,No,8.0,$40-$60
3983,Yes,8.0,$20-$40
3984,Yes,6.0,<$20
3985,Yes,6.0,$40-$60
3987,Yes,7.0,$60-$80
3988,Yes,6.0,$40-$60
3989,No,2.0,$40-$60
3990,Yes,6.0,>$100
3991,Yes,5.0,$40-$60
3992,Yes,8.0,$20-$40
3993,Yes,6.0,$40-$60
3994,Yes,7.0,$40-$60
3995,Yes,6.0,$20-$40
3996,Yes,5.0,$20-$40
3998,Yes,6.0,$40-$60
3999,Yes,8.0,$40-$60
4000,No,2.0,<$20
4001,Yes,5.0,<$20
4005,Yes,6.0,$60-$80
4006,Yes,7.0,$20-$40
4007,Yes,5.0,$40-$60
4009,Yes,6.0,$80-$100
4010,Yes,6.0,$20-$40
4011,Yes,8.0,$20-$40
4013,Yes,5.0,$20-$40
4014,Yes,6.0,$20-$40
4015,Yes,4.0,$20-$40
4016,Yes,7.0,$40-$60
4017,No,2.0,$20-$40
4018,Yes,8.0,$40-$60
4019,No,1.0,<$20
4020,Yes,5.0,$20-$40
4022,Yes,5.0,$20-$40
4023,Yes,7.0,$20-$40
4024,No,5.0,<$20
4025,Yes,7.0,>$100
4026,Yes,6.0,$20-$40
4028,Yes,7.0,$80-$100
4029,Yes,7.0,$40-$60
4030,Yes,6.0,$20-$40
4031,Yes,6.0,$40-$60
4032,Yes,7.0,$40-$60
4034,Yes,4.0,$80-$100
4035,No,7.0,<$20
4037,No,2.0,$20-$40
4038,No,2.0,$20-$40
4039,Yes,5.0,$40-$60
4040,Yes,6.0,$20-$40
4041,Yes,6.0,$20-$40
